tract,cems_percentile,utems_percentile,mems_percentile,cancer_twe_percentile,chronic_twe_percentile,acute_twe_percentile
06001400100,13.8166894665,0,13.8166894665,42.2708618331,35.7729138167,31.1901504788
06001400200,4.44596443228,0,4.44596443228,4.30916552668,2.25718194254,13.2010943912
06001400300,51.7783857729,0,51.5047879617,38.6456908345,57.3187414501,65.1846785226
06001400400,6.01915184679,0,6.01915184679,5.33515731874,3.83036935705,14.6374829001
06001400500,50.0683994528,0,49.7948016416,30.779753762,47.9480164159,56.1559507524
06001400700,61.2859097127,0,60.8755129959,56.2243502052,56.0875512996,61.7647058824
06001400800,42.8180574555,0,42.6128590971,22.024623803,34.268125855,42.6128590971
06001401000,77.4281805746,0,76.8809849521,96.3748290014,90.0136798906,82.1477428181
06001401100,67.0998632011,0,66.6894664843,67.7154582763,51.3679890561,48.3584131327
06001401200,64.6374829001,0,64.2270861833,22.366621067,35.4309165527,43.2968536252
06001401300,88.5088919289,0,88.0300957592,92.1340629275,88.8508891929,87.5512995896
06001401400,63.6114911081,0,63.2010943912,30.3693570451,49.7948016416,58.5499316005
06001401500,73.5294117647,0,72.9822161423,40.7660738714,29.5485636115,37.3461012312
06001401600,85.4309165527,0,85.0205198358,98.9056087551,96.853625171,95.4172366621
06001401700,97.8112175103,0,97.4692202462,98.8372093023,99.2476060192,99.1792065663
06001402200,34.6785225718,0,34.5417236662,49.9316005472,30.5745554036,29.8905608755
06001402400,49.9316005472,0,49.658002736,44.2544459644,27.8385772914,32.2845417237
06001402500,17.4418604651,0,17.4418604651,60.1915184679,22.9822161423,0
06001402600,33.1737346101,0,33.0369357045,22.2982216142,35.2941176471,43.0916552668
06001402700,60.4651162791,0,60.0547195622,45.2120383037,67.7154582763,74.2134062927
06001402801,80.3009575923,0,79.7537619699,88.5772913817,84.268125855,78.5909712722
06001402802,72.1614227086,0,71.682626539,74.0766073871,58.4815321477,47.195622435
06001402900,80.9165526676,0,80.3693570451,93.4336525308,83.926128591,52.6675786594
06001403000,72.9822161423,0,72.5034199726,90.1504787962,77.633378933,33.7209302326
06001403100,87.07250342,0,86.6621067031,85.1573187415,76.5389876881,72.5034199726
06001403301,45.0752393981,0,44.8700410397,56.4295485636,20.3830369357,13.9534883721
06001403302,77.1545827633,0,76.6073871409,72.2298221614,63.269493844,57.5923392613
06001403401,5.95075239398,0,5.95075239398,31.46374829,11.6963064295,10.5335157319
06001403402,42.4076607387,0,42.2024623803,29.7537619699,18.6046511628,25.1025991792
06001403501,82.6949384405,0,82.2161422709,81.121751026,74.6922024624,71.4774281806
06001403502,2.46238030096,0,2.46238030096,3.146374829,1.23119015048,11.3543091655
06001403600,32.6949384405,0,32.4897400821,21.5458276334,34.3365253078,42.2024623803
06001403701,6.77154582763,0,6.77154582763,8.68673050616,10.9439124487,18.6046511628
06001403702,48.9056087551,0,48.6320109439,38.7140902873,68.878248974,79.9589603283
06001403800,27.1545827633,0,27.0177838577,16.8946648427,26.6757865937,34.952120383
06001403900,11.1491108071,0,11.1491108071,42.4076607387,14.9110807114,12.9958960328
06001404000,29.5485636115,0,29.3433652531,18.2626538988,29.6853625171,38.098495212
06001404101,41.6552667579,0,41.4500683995,69.9042407661,94.5280437756,93.2968536252
06001404102,87.8932968536,0,87.414500684,81.805745554,64.3638850889,26.5389876881
06001404200,20.7250341997,0,20.7250341997,41.8604651163,85.6361149111,81.7373461012
06001404300,26.5389876881,0,26.4021887825,62.585499316,34.8153214774,24.4186046512
06001404400,36.1149110807,0,35.9781121751,14.9110807114,24.1450068399,32.1477428181
06001404501,9.3023255814,0,9.3023255814,49.3844049248,17.3050615595,0
06001404502,51.0259917921,0,50.7523939808,53.830369357,44.8016415869,47.3324213406
06001404600,57.8659370725,0,57.5239398085,60.9439124487,65.8002735978,69.6990424077
06001404900,39.4664842681,0,39.2612859097,28.0437756498,43.365253078,50.6155950752
06001405000,36.7989056088,0,36.6621067031,25.2393980848,39.1244870041,47.4008207934
06001405100,26.6757865937,0,26.5389876881,16.5526675787,26.0601915185,34.3365253078
06001405302,11.4227086183,0,11.4227086183,42.2024623803,15.389876881,15.389876881
06001405401,27.2229822161,0,27.0861833105,16.8946648427,26.7441860465,34.952120383
06001405402,0.136798905609,0,0.136798905609,3.69357045144,2.05198358413,13.269493844
06001405500,0.752393980848,0,0.752393980848,6.292749658,1.64158686731,0
06001405600,43.9808481532,0,43.7756497948,32.0109439124,48.9056087551,56.9083447332
06001405700,74.2818057456,0,73.7346101231,52.6675786594,57.3871409029,63.9534883721
06001405902,50,0,49.7264021888,0,10.6703146375,20.5198358413
06001406000,96.4432284542,0,96.1012311902,76.7441860465,80.2325581395,83.5841313269
06001406100,85.2941176471,0,84.8837209302,61.1491108071,69.3570451436,75.512995896
06001406202,53.146374829,0,52.8727770178,38.5088919289,19.6306429549,24.3502051984
06001406300,8.96032831737,0,8.96032831737,44.3228454172,16.6894664843,16.3474692202
06001406500,29.8905608755,0,29.6853625171,18.6730506156,30.779753762,38.8508891929
06001406601,31.8741450068,0,31.6005471956,20.5198358413,33.1053351573,40.9712722298
06001406602,26.8125854993,0,26.6757865937,12.5170998632,21.2038303694,28.2489740082
06001406700,23.4610123119,0,23.3242134063,0,0,0
06001406800,23.7346101231,0,23.5978112175,14.2270861833,22.9138166895,30.7113543092
06001406900,34.268125855,0,34.1313269494,23.1190150479,36.3201094391,44.5280437756
06001407000,65.2530779754,0,64.8426812585,49.7264021888,72.8454172367,77.8385772914
06001407101,28.7277701778,0,28.5909712722,0,10.6703146375,20.4514363885
06001407102,20.2462380301,0,20.2462380301,10.9439124487,18.9466484268,25.9917920657
06001407200,71.8878248974,0,71.4090287278,33.5157318741,52.1887824897,62.3803009576
06001407300,96.9220246238,0,96.6484268126,94.39124487,92.6128590971,90.218878249
06001407400,32.2161422709,0,32.0109439124,16.1422708618,7.38714090287,0
06001407600,1.84678522572,0,1.84678522572,12.7906976744,6.01915184679,0
06001407800,75.5813953488,0,75.0341997264,44.6648426813,54.1039671683,63.7482900137
06001408000,46.3748290014,0,46.169630643,71.2722298222,60.2599179207,55.6771545828
06001408100,7.66073871409,0,7.66073871409,36.2517099863,13.4746922025,0
06001408200,40.4924760602,0,40.2872777018,29.2065663475,44.7332421341,51.9151846785
06001408300,28.8645690834,99.5896032832,95.1436388509,80.6429548564,76.6073871409,66.4842681259
06001408600,53.7619699042,0,53.488372093,86.730506156,97.4692202462,96.6484268126
06001408700,11.6279069767,0,11.6279069767,0,2.87277701778,14.3638850889
06001408800,96.853625171,0,96.511627907,5.95075239398,19.4254445964,28.4541723666
06001408900,90.4240766074,0,90.0136798906,42.7496580027,41.5184678523,39.7400820793
06001409000,93.9808481532,99.7264021888,98.0164158687,96.4432284542,97.6060191518,96.7852257182
06001409100,1.77838577291,0,1.77838577291,3.83036935705,1.77838577291,12.4487004104
06001409200,60.0547195622,0,59.6443228454,4.10396716826,36.1149110807,22.1614227086
06001409300,60.3283173735,0,59.9179206566,15.8686730506,60.7387140903,50.4103967168
06001409400,82.0109439124,0,81.46374829,20.3830369357,29.2065663475,38.3720930233
06001409500,71.9562243502,0,71.4774281806,24.2818057456,44.39124487,59.1655266758
06001409600,13.8850889193,0,13.8850889193,44.5280437756,15.731874145,0
06001409700,66.2790697674,0,65.8686730506,12.7222982216,32.8317373461,42.7496580027
06001409800,30.779753762,0,30.5745554036,39.6032831737,34.4733242134,39.6716826265
06001409900,31.6005471956,0,31.3953488372,29.5485636115,35.3625170999,41.5184678523
06001410000,15.2530779754,0,15.2530779754,65.1162790698,29.2749658003,11.5595075239
06001410100,42.0656634747,0,41.8604651163,38.098495212,46.853625171,54.3775649795
06001410300,35.4993160055,0,35.3625170999,23.9398084815,37.9616963064,46.0328317373
06001410400,7.18194254446,0,7.18194254446,14.0218878249,6.36114911081,0
06001410500,56.1559507524,0,55.8139534884,62.3803009576,30.3009575923,21.4774281806
06001420100,34.7469220246,0,34.610123119,7.59233926129,16.8946648427,26.4705882353
06001420302,42.4760601915,0,42.2708618331,48.2216142271,36.2517099863,39.5348837209
06001420401,9.71272229822,0,9.71272229822,44.8016415869,15.8002735978,0
06001420402,50.4787961696,0,50.2051983584,21.9562243502,17.9206566347,25.2393980848
06001420500,70.9302325581,0,70.4514363885,37.414500684,59.5075239398,68.1258549932
06001421300,34.8153214774,0,34.6785225718,39.8084815321,37.756497948,44.4596443228
06001421400,35.4309165527,0,35.2941176471,26.8125854993,38.3036935705,45.9644322845
06001421500,7.7975376197,0,7.7975376197,33.4473324213,12.4487004104,0
06001421700,14.1586867305,0,14.1586867305,5.74555403557,6.63474692202,18.2626538988
06001421900,81.7373461012,0,81.1901504788,24.4186046512,60.4651162791,70.5882352941
06001422000,96.2380300958,0,95.8960328317,93.9124487004,92.1340629275,95.4856361149
06001422100,60.8071135431,0,60.3967168263,51.2995896033,65.4582763338,70.6566347469
06001422200,48.7688098495,0,48.4952120383,0,14.7742818057,23.0506155951
06001422300,19.8358413133,0,19.8358413133,10.5335157319,18.53625171,25.3077975376
06001422400,97.537619699,0,97.2640218878,94.6648426813,96.3748290014,97.0588235294
06001422800,21.9562243502,0,21.8878248974,49.7948016416,28.5909712722,27.3597811218
06001422901,71.7510259918,0,71.2722298222,55.8139534884,35.1573187415,35.8413132695
06001422902,25.7181942544,0,25.5813953488,84.0629274966,63.2010943912,0
06001423000,35.8413132695,0,35.7045143639,52.3255813953,42.0656634747,45.1436388509
06001423100,32.9001367989,0,32.6949384405,46.9220246238,44.6648426813,46.2380300958
06001423200,41.5868673051,0,41.3816689466,58.0711354309,46.9904240766,48.2900136799
06001423500,50.683994528,0,50.4103967168,68.6046511628,59.3707250342,58.2079343365
06001423601,47.4692202462,0,47.195622435,28.8645690834,44.1176470588,51.5047879617
06001423700,38.2352941176,0,38.0300957592,41.3816689466,28.5225718194,30.5745554036
06001423800,62.1067031464,0,61.6963064295,25.4445964432,44.5280437756,52.8727770178
06001423901,61.0123119015,0,60.6019151847,27.0177838577,45.7592339261,54.5143638851
06001423902,66.3474692202,0,65.9370725034,67.9206566347,65.1846785226,58.4815321477
06001424002,71.340629275,0,70.8618331053,27.7017783858,25.9917920657,35.8413132695
06001425101,67.2366621067,0,66.8262653899,77.2229822161,68.194254446,62.585499316
06001425102,64.2954856361,0,63.8850889193,66.073871409,68.9466484268,80.5061559508
06001425103,91.1764705882,0,90.7660738714,86.1833105335,83.0369357045,85.4309165527
06001425104,76.4021887825,0,75.8549931601,90.4924760602,94.8016415869,92.7496580027
06001426100,22.9138166895,0,22.8454172367,13.5430916553,21.8878248974,29.3433652531
06001426200,22.2982216142,0,22.2298221614,12.8590971272,21.340629275,28.5225718194
06001427100,74.7606019152,0,74.2134062927,34.268125855,54.9247606019,63.6114911081
06001427200,74.829001368,0,74.2818057456,67.8522571819,75.0341997264,77.4965800274
06001427300,68.53625171,0,68.1258549932,85.3625170999,75.1025991792,59.781121751
06001427600,48.3584131327,0,48.0848153215,9.09712722298,21.1354309166,31.121751026
06001427700,10.0547195622,0,10.0547195622,8.00273597811,9.02872777018,17.9890560876
06001427800,2.94117647059,0,2.94117647059,12.0383036936,5.74555403557,0
06001427900,20.7934336525,0,20.7934336525,11.4227086183,19.8358413133,26.7441860465
06001428000,20.9302325581,0,20.9302325581,53.4199726402,25.3077975376,24.0766073871
06001428100,3.89876880985,0,3.89876880985,4.6511627907,2.46238030096,13.4746922025
06001428200,33.7209302326,0,33.5841313269,23.3926128591,35.9097127223,43.8440492476
06001428301,96.0328317373,0,95.7592339261,94.5280437756,94.8700410397,95.7592339261
06001428302,25.2393980848,0,25.1025991792,27.9069767442,27.2913816689,33.1053351573
06001428400,55.0615595075,0,54.7879616963,42.4760601915,61.4227086183,68.3310533516
06001428500,69.4254445964,0,69.0150478796,59.7127222982,29.1381668947,25.3761969904
06001428600,4.78796169631,0,4.78796169631,21.682626539,8.82352941176,0
06001428700,92.8180574555,98.9740082079,92.4076607387,90.6292749658,91.1764705882,92.5444596443
06001430101,1.02599179207,0,1.02599179207,0,0,0
06001430102,61.9699042408,0,61.5595075239,53.3515731874,81.1901504788,88.2352941176
06001430300,1.70998632011,0,1.70998632011,3.35157318741,1.43638850889,11.8331053352
06001430400,10.6703146375,0,10.6703146375,6.49794801642,8.34473324213,18.3994528044
06001430500,52.804377565,0,52.5307797538,65.3214774282,59.097127223,59.8495212038
06001430600,15.5950752394,0,15.5950752394,66.5526675787,56.3611491108,44.6648426813
06001430700,26.8809849521,0,26.7441860465,16.7578659371,26.2653898769,34.6785225718
06001430900,81.6689466484,0,81.121751026,66.6210670315,80.4377564979,83.9945280438
06001431000,74.1450068399,0,73.5978112175,86.5253077975,97.2640218878,96.4432284542
06001431100,81.121751026,0,80.5745554036,73.1190150479,85.9781121751,85.7045143639
06001431200,28.7961696306,0,28.659370725,37.6196990424,30.6429548564,35.4309165527
06001432100,42.5444596443,0,42.3392612859,30.8481532148,46.7852257182,54.7879616963
06001432200,13.4062927497,0,13.4062927497,35.8413132695,13.2010943912,0
06001432300,59.3023255814,0,58.9603283174,46.1012311902,42.6812585499,46.7168262654
06001432400,98.8372093023,0,98.5636114911,87.6880984952,96.9904240766,97.6744186047
06001432501,78.4541723666,0,77.9069767442,72.2982216142,71.2038303694,73.2558139535
06001432502,36.3885088919,0,36.2517099863,24.6238030096,38.7824897401,46.853625171
06001432601,71.4774281806,0,70.9986320109,60.6703146375,72.5718194254,76.8809849521
06001432602,47.537619699,0,47.2640218878,35.9097127223,52.7359781122,60.5335157319
06001432700,27.0177838577,0,26.8809849521,33.5841313269,39.1928864569,34.5417236662
06001432800,61.1491108071,0,60.7387140903,46.3748290014,32.9001367989,37.5512995896
06001433102,76.6757865937,0,76.1285909713,62.1751025992,61.2859097127,65.1162790698
06001433103,92.5444596443,0,92.1340629275,37.0041039672,54.7879616963,64.7058823529
06001433104,76.1285909713,0,75.5813953488,54.9931600547,19.2886456908,0
06001433200,86.6621067031,0,86.2517099863,69.2886456908,81.0533515732,77.633378933
06001433300,78.1121751026,0,77.5649794802,59.5075239398,47.8796169631,48.9056087551
06001433400,86.5937072503,0,86.1833105335,48.4268125855,84.952120383,70.7934336525
06001433500,10.9439124487,0,10.9439124487,14.9794801642,8.00273597811,15.1846785226
06001433600,80.5745554036,0,80.0273597811,51.6415868673,74.5554035568,79.4117647059
06001433700,72.2982216142,0,71.8194254446,64.2270861833,92.9548563611,91.4500683995
06001433801,70.0410396717,0,69.6306429549,55.6771545828,77.0177838577,81.0533515732
06001433802,30.3693570451,0,30.1641586867,19.1518467852,31.3953488372,39.4664842681
06001433900,54.9247606019,0,54.6511627907,0,16.5526675787,24.487004104
06001434000,72.4350205198,0,71.9562243502,43.7756497948,63.6798905609,70.9302325581
06001435102,54.2407660739,0,53.9671682627,81.1901504788,94.6648426813,92.8180574555
06001435103,15.389876881,0,15.389876881,57.1819425445,22.7086183311,19.0150478796
06001435104,40.6292749658,0,40.4240766074,29.3433652531,45.0068399453,52.1887824897
06001435200,9.50752393981,0,9.50752393981,19.8358413133,8.54993160055,10.8755129959
06001435400,66.4158686731,0,66.0054719562,74.8974008208,72.9822161423,73.8714090287
06001435500,82.9685362517,0,82.4897400821,55.4719562244,72.7770177839,67.9890560876
06001435601,83.7893296854,0,83.3789329685,0,42.8864569083,57.0451436389
06001435602,81.46374829,0,80.9165526676,0,61.6279069767,73.5978112175
06001435700,23.3926128591,0,23.2558139535,36.3201094391,24.6922024624,28.5225718194
06001435800,14.8426812585,0,14.8426812585,49.4528043776,30.5061559508,24.9658002736
06001435900,94.1176470588,0,93.707250342,94.3228454172,91.8604651163,92.6812585499
06001436100,59.5759233926,0,59.1655266758,45.1436388509,66.9630642955,73.3926128591
06001436200,55.8139534884,0,55.4719562244,41.5184678523,61.9699042408,68.8098495212
06001436301,61.0807113543,0,60.6703146375,25.7865937073,44.1860465116,52.3939808482
06001436302,64.1586867305,0,63.7482900137,58.8235294118,86.1833105335,86.0465116279
06001436402,1.16279069767,0,1.16279069767,9.16552667579,4.10396716826,0
06001436403,37.3461012312,0,37.2093023256,42.9548563611,41.1080711354,47.0588235294
06001436500,80.6429548564,0,80.0957592339,60.3967168263,68.8098495212,72.2298221614
06001436601,36.7989056088,0,36.6621067031,25.3077975376,39.2612859097,47.4692202462
06001436602,62.3119015048,0,61.901504788,35.0205198358,53.2831737346,62.8590971272
06001436700,33.3789329685,0,33.2421340629,22.5718194254,35.6361149111,43.6388508892
06001436800,77.7017783858,0,77.1545827633,94.4596443228,88.5088919289,82.2845417237
06001436900,52.2571819425,0,51.9835841313,38.9192886457,58.0027359781,65.5950752394
06001437000,66.7578659371,0,66.3474692202,50.8207934337,74.0082079343,81.3269493844
06001437101,98.0848153215,0,97.8112175103,98.0164158687,97.0588235294,97.537619699
06001437200,66.1422708618,0,65.731874145,66.0054719562,57.9343365253,80.0957592339
06001437300,56.634746922,0,56.292749658,64.7058823529,47.3324213406,44.39124487
06001437400,30.9165526676,0,30.7113543092,19.9726402189,32.3529411765,40.2872777018
06001437600,40.1504787962,0,39.9452804378,29.0697674419,44.2544459644,51.4363885089
06001437800,0.273597811218,0,0.273597811218,0,0,0
06001437900,61.6963064295,0,61.2859097127,41.7236662107,63.1326949384,70.1778385773
06001438000,38.5088919289,0,38.3036935705,68.1258549932,94.1176470588,92.6128590971
06001438100,26.1969904241,0,26.0601915185,16.2106703146,25.6497948016,33.8577291382
06001438201,20.6566347469,0,20.6566347469,36.6621067031,21.9562243502,26.2653898769
06001438203,95.5540355677,0,95.2120383037,96.7168262654,93.2284541724,94.8016415869
06001438204,67.5102599179,0,67.0998632011,92.6812585499,95.8960328317,95.9644322845
06001438300,48.4952120383,0,48.2216142271,35.7729138167,53.830369357,61.5595075239
06001438400,38.3720930233,0,38.1668946648,46.5800273598,60.8755129959,43.1600547196
06001440100,70.1778385773,0,69.7674418605,61.3543091655,31.6689466484,25.3761969904
06001440200,5.40355677155,0,5.40355677155,15.9370725034,7.25034199726,0
06001440301,98.0164158687,0,97.7428180575,89.2612859097,95.2120383037,92.0656634747
06001440304,45.4856361149,0,45.2804377565,35.9781121751,50.6155950752,58.4131326949
06001440305,32.8317373461,0,32.6265389877,75.7181942544,45.9644322845,0
06001440306,35.7729138167,0,35.6361149111,24.1450068399,38.4404924761,46.3064295486
06001440307,22.2982216142,0,22.2298221614,12.8590971272,21.340629275,28.5225718194
06001440308,91.9288645691,0,91.5184678523,66.2790697674,62.0383036936,60.3967168263
06001440331,96.511627907,0,96.169630643,87.2093023256,89.8084815321,93.8440492476
06001440332,95.1436388509,0,94.7332421341,92.5444596443,95.2804377565,96.7168262654
06001440333,85.1573187415,0,84.7469220246,79.6853625171,72.7086183311,85.9097127223
06001440334,38.4404924761,0,38.2352941176,26.7441860465,41.3816689466,49.4528043776
06001440337,66.8946648427,0,66.4842681259,53.9671682627,21.7510259918,21.2038303694
06001440338,59.2339261286,0,58.8919288646,55.950752394,64.6374829001,69.9042407661
06001441200,6.42954856361,0,6.42954856361,41.244870041,14.5690834473,0
06001441302,63.2010943912,0,62.7906976744,61.7647058824,77.7017783858,76.4021887825
06001441401,4.10396716826,0,4.10396716826,3.28317373461,1.36798905609,11.6279069767
06001441501,75.9917920657,0,75.4445964432,33.3105335157,20.5882352941,30.3009575923
06001441503,99.2476060192,0,99.0424076607,99.3844049248,98.0164158687,98.9740082079
06001441521,13.1326949384,0,13.1326949384,61.4227086183,24.7606019152,13.269493844
06001441522,1.98358413133,0,1.98358413133,13.7482900137,6.2243502052,0
06001441524,43.0916552668,0,42.8864569083,30.9849521204,47.0588235294,55.0615595075
06001441525,98.7004103967,0,98.4952120383,98.2216142271,95.9644322845,98.1532147743
06001441601,32.2845417237,0,32.0793433653,53.6935704514,38.8508891929,40.7660738714
06001441602,62.585499316,0,62.1751025992,11.3543091655,39.9452804378,45.2120383037
06001441701,80.7113543092,0,80.1641586867,89.9452804378,77.5649794802,36.3201094391
06001441702,39.1244870041,0,38.9192886457,27.5649794802,42.4760601915,50.0683994528
06001441800,20.9986320109,0,20.9986320109,70.5882352941,37.07250342,0
06001441921,55.6771545828,0,55.3351573187,41.0396716826,61.5595075239,68.3994528044
06001441923,81.3269493844,0,80.779753762,62.1067031464,68.2626538988,74.829001368
06001441924,23.3242134063,0,23.1874145007,80.9165526676,56.0191518468,12.92749658
06001441927,76.7441860465,0,76.1969904241,93.6388508892,89.876880985,87.3461012312
06001441928,19.4254445964,0,19.4254445964,70.6566347469,43.023255814,23.3926128591
06001441929,11.2859097127,0,11.2859097127,50.2735978112,17.6470588235,0
06001442000,69.1518467852,0,68.7414500684,8.41313269494,18.6730506156,31.3269493844
06001442100,47.0588235294,0,46.7852257182,34.5417236662,52.1203830369,60.123119015
06001442200,73.4610123119,99.316005472,89.4664842681,80.779753762,83.3105335157,79.5485636115
06001442301,18.8098495212,0,18.8098495212,63.9534883721,28.0437756498,0
06001442302,79.8905608755,0,79.3433652531,92.8864569083,98.6320109439,97.7428180575
06001442501,17.6470588235,0,17.6470588235,0,4.37756497948,15.8002735978
06001442601,74.6922024624,0,74.1450068399,28.2489740082,52.804377565,62.1067031464
06001442700,58.2079343365,0,57.8659370725,43.6388508892,64.5690834473,71.340629275
06001442800,45.1436388509,0,44.9384404925,36.730506156,50.2051983584,57.9343365253
06001442900,66.8262653899,0,66.4158686731,50.6155950752,73.8030095759,78.659370725
06001443001,17.7838577291,0,17.7838577291,9.02872777018,16.2790697674,23.1190150479
06001443002,72.0930232558,0,71.6142270862,57.7975376197,78.7277701778,82.6265389877
06001443103,37.9616963064,0,37.756497948,45.9644322845,43.5704514364,48.4268125855
06001443104,70.8618331053,99.8632010944,99.4528043776,59.439124487,50.341997264,48.1532147743
06001443105,31.0533515732,0,30.8481532148,61.4911080711,41.7920656635,38.6456908345
06001443301,17.9206566347,0,17.9206566347,56.976744186,90.3556771546,88.098495212
06001443321,25.9917920657,0,25.8549931601,13.6114911081,22.0930232558,29.7537619699
06001443322,34.8837209302,0,34.7469220246,64.8426812585,47.8112175103,43.707250342
06001444100,28.4541723666,0,28.317373461,20.1778385773,28.1121751026,36.5253077975
06001444200,56.7031463748,0,56.3611491108,45.4172366621,63.5430916553,70.0410396717
06001444301,83.9945280438,0,83.5841313269,95.6224350205,86.4569083447,82.8317373461
06001444303,11.3543091655,0,11.3543091655,30.1641586867,11.2175102599,0
06001444304,97.1272229822,98.4268125855,96.853625171,88.9192886457,89.3980848153,93.2284541724
06001444400,43.7756497948,0,43.5704514364,31.7373461012,48.5636114911,56.4979480164
06001444500,89.2612859097,0,88.7824897401,77.9069767442,86.3201094391,82.2161422709
06001444601,96.7168262654,0,96.3748290014,79.0013679891,83.7209302326,87.0041039672
06001444602,92.7496580027,0,92.3392612859,95.1436388509,86.3885088919,75.1025991792
06001450101,75.8549931601,0,75.3077975376,75.3077975376,70.5882352941,70.2462380301
06001450102,89.876880985,0,89.3980848153,93.8440492476,87.07250342,85.9781121751
06001450200,40.0820793434,0,39.876880985,28.659370725,44.049247606,51.2311901505
06001450300,88.7140902873,0,88.2352941176,74.2134062927,79.6169630643,81.6689466484
06001450400,81.1901504788,0,80.6429548564,68.2626538988,81.5321477428,84.8837209302
06001450501,73.3926128591,0,72.9138166895,4.78796169631,3.62517099863,15.2530779754
06001450502,37.6196990424,0,37.4829001368,57.4555403557,46.169630643,47.6744186047
06001450601,63.1326949384,0,62.7222982216,96.9220246238,90.902872777,80.9165526676
06001450603,96.6484268126,0,96.3064295486,95.3488372093,94.2544459644,95.0752393981
06001450604,22.9822161423,0,22.9138166895,13.8166894665,22.1614227086,29.6169630643
06001450605,41.3816689466,0,41.1764705882,29.9589603283,45.5540355677,53.2147742818
06001450607,81.6005471956,0,81.0533515732,82.6265389877,85.1573187415,83.6525307798
06001450609,48.7004103967,0,48.4268125855,84.8837209302,66.6210670315,22.024623803
06001450701,95.9644322845,0,95.6908344733,79.1381668947,81.46374829,84.1313269494
06001450741,90.1504787962,0,89.7400820793,29.6169630643,64.4322845417,73.7346101231
06001450742,96.7852257182,0,96.4432284542,72.5034199726,75.8549931601,84.4733242134
06001450743,89.8084815321,0,89.3296853625,96.169630643,88.4404924761,84.3365253078
06001450744,79.2749658003,0,78.7277701778,72.366621067,79.6853625171,81.2585499316
06001450745,91.3816689466,0,90.9712722298,96.2380300958,93.4336525308,91.5868673051
06001450746,61.4227086183,0,61.0123119015,48.8372093023,19.0150478796,19.6306429549
06001450750,52.1887824897,0,51.9151846785,68.878248974,69.7674418605,70.1094391245
06001450752,80.8481532148,0,80.3009575923,71.7510259918,84.610123119,88.1668946648
06001451102,33.1053351573,0,32.9685362517,50.7523939808,36.8673050616,39.0560875513
06001451103,93.8440492476,0,93.5020519836,95.4856361149,92.8180574555,93.0916552668
06001451104,99.9316005472,0,99.7948016416,99.5896032832,99.5896032832,99.5896032832
06001451201,43.707250342,0,43.5020519836,31.6005471956,48.4268125855,56.292749658
06001451202,66.9630642955,0,66.5526675787,92.8180574555,82.2845417237,78.8645690834
06001451300,96.1012311902,0,95.8276333789,89.8084815321,90.7660738714,94.8700410397
06001451401,74.4186046512,0,73.8714090287,77.3597811218,95.1436388509,93.6388508892
06001451403,13.6114911081,0,13.6114911081,7.11354309166,10.4651162791,19.7674418605
06001451404,27.633378933,0,27.4965800274,33.3789329685,29.0697674419,34.8837209302
06001451501,58.8235294118,0,58.4815321477,54.5143638851,87.3461012312,84.7469220246
06001451503,68.3310533516,0,67.9206566347,38.3036935705,29.6169630643,37.9616963064
06001451504,91.244870041,0,90.8344733242,77.7017783858,86.2517099863,85.5677154583
06001451601,54.9931600547,0,54.7195622435,69.0834473324,66.1422708618,66.1422708618
06001451602,70.2462380301,0,69.8358413133,78.1121751026,79.1381668947,79.1381668947
06001451704,28.0437756498,0,27.9069767442,20.5882352941,27.7701778386,35.5677154583
06001981900,66.6210670315,0,66.2106703146,72.5718194254,50.4787961696,38.7824897401
06001982000,98.3584131327,0,98.1532147743,99.4528043776,98.7688098495,98.4268125855
06001982100,69.9042407661,0,69.4938440492,86.9357045144,90.4924760602,90.0820793434
06001983200,70.9986320109,0,70.5198358413,53.2831737346,27.4965800274,29.4117647059
06013301000,79.4801641587,0,78.9329685363,63.0642954856,77.3597811218,85.1573187415
06013302005,70.4514363885,98.6320109439,70.0410396717,90.560875513,89.5348837209,88.7140902873
06013302006,41.7236662107,0,41.5184678523,67.5786593707,42.2708618331,30.3693570451
06013302007,83.4473324213,0,83.0369357045,69.3570451436,85.9097127223,86.4569083447
06013302009,24.8974008208,0,24.7606019152,61.2175102599,37.8932968536,31.0533515732
06013302011,31.7373461012,0,31.5321477428,80.3693570451,59.9179206566,32.6949384405
06013302012,25.3077975376,0,25.170998632,18.7414500684,24.9658002736,32.8317373461
06013302013,23.2558139535,99.2476060192,81.805745554,19.3570451436,23.4610123119,30.2325581395
06013302014,52.0519835841,0,51.7783857729,42.1340629275,57.8659370725,65.389876881
06013303104,20.5882352941,0,20.5882352941,11.2859097127,19.4938440492,26.4021887825
06013303105,75.3077975376,0,74.7606019152,0,32.2845417237,45.0068399453
06013303106,75.3761969904,0,74.829001368,77.5649794802,77.8385772914,77.0861833105
06013303107,92.8864569083,0,92.4760601915,82.9685362517,78.1805745554,76.8125854993
06013303202,45.8960328317,0,45.6908344733,70.2462380301,59.6443228454,56.634746922
06013303204,47.9480164159,0,47.6744186047,34.8153214774,52.5991792066,60.6703146375
06013303206,46.4432284542,0,46.2380300958,54.7195622435,54.5827633379,58.8919288646
06013303207,84.4733242134,0,84.0629274966,93.0916552668,84.8153214774,75.7181942544
06013303208,4.03556771546,0,4.03556771546,14.8426812585,6.97674418605,0
06013303209,64.9794801642,0,64.5690834473,52.5307797538,72.366621067,77.4281805746
06013303210,11.7647058824,0,11.7647058824,54.0355677155,18.7414500684,11.9699042408
06013303211,43.023255814,0,42.8180574555,26.3337893297,51.2311901505,50.2735978112
06013304001,50.9575923393,0,50.683994528,72.9138166895,62.243502052,58.3447332421
06013304002,83.5157318741,0,83.1053351573,82.9001367989,84.4049247606,86.2517099863
06013304003,23.1190150479,0,23.0506155951,69.1518467852,57.6607387141,45.6908344733
06013304004,18.878248974,0,18.878248974,9.84952120383,17.3734610123,24.2818057456
06013304006,23.8714090287,0,23.7346101231,83.1053351573,67.5102599179,32.0793433653
06013304007,63.7482900137,0,63.3378932969,74.4186046512,73.9398084815,75.6497948016
06013305000,98.4952120383,0,98.2900136799,94.5964432285,98.0848153215,98.0848153215
06013306002,96.9904240766,0,96.7168262654,89.6032831737,96.2380300958,96.5800273598
06013306004,96.3748290014,0,96.0328317373,59.097127223,93.5020519836,88.9876880985
06013307101,21.1354309166,0,21.1354309166,11.6963064295,20.2462380301,27.0861833105
06013307102,46.0328317373,0,45.8276333789,41.9972640219,51.8467852257,59.0287277702
06013307201,36.9357045144,0,36.7989056088,50.341997264,41.0396716826,44.8700410397
06013307202,95.6908344733,0,95.4172366621,87.0041039672,91.4500683995,93.7756497948
06013307204,5.54035567715,0,5.54035567715,28.1805745554,10.8071135431,0
06013307205,57.2503419973,0,56.9083447332,62.0383036936,61.8331053352,64.4322845417
06013308001,80.4377564979,0,79.8221614227,58.2763337893,77.9069767442,81.5321477428
06013308002,44.1176470588,0,43.9124487004,64.9110807114,54.5143638851,51.7099863201
06013309000,98.2216142271,0,97.9480164159,99.1108071135,99.658002736,99.5212038304
06013310000,79.2065663475,0,78.659370725,49.1108071135,47.2640218878,53.2831737346
06013311000,27.7701778386,0,27.633378933,60.2599179207,23.0506155951,0
06013312000,81.8741450068,0,81.3269493844,51.4363885089,72.024623803,80.779753762
06013313102,92.3392612859,0,91.9288645691,66.9630642955,67.4418604651,71.6142270862
06013313104,59.781121751,0,59.3707250342,65.1846785226,58.8919288646,58.0711354309
06013313105,78.0437756498,0,77.4965800274,50,62.8590971272,69.4254445964
06013313106,4.17236662107,0,4.17236662107,8.54993160055,3.69357045144,0
06013313107,2.32558139535,0,2.32558139535,2.87277701778,0.820793433653,10.4651162791
06013313203,99.7264021888,0,99.5896032832,93.1600547196,98.7004103967,98.5636114911
06013313204,45.7592339261,0,45.5540355677,43.707250342,43.707250342,47.8796169631
06013313206,32.6265389877,0,32.4213406293,21.4090287278,34.1997264022,41.9288645691
06013314102,36.6621067031,0,36.5253077975,21.340629275,34.4049247606,42.5444596443
06013314103,95.8276333789,0,95.5540355677,97.537619699,99.7264021888,99.658002736
06013314105,61.901504788,0,61.4911080711,50.8891928865,69.6990424077,75.5813953488
06013314106,93.0916552668,0,92.6812585499,59.0287277702,48.2900136799,50.341997264
06013314200,57.4555403557,0,57.1135430917,48.9056087551,31.2585499316,31.2585499316
06013315000,98.7688098495,99.7948016416,98.9740082079,98.9740082079,99.4528043776,99.3844049248
06013316000,67.3734610123,0,66.9630642955,80.4377564979,58.3447332421,30.8481532148
06013317000,94.8700410397,0,94.4596443228,75.512995896,84.7469220246,87.8248974008
06013318000,86.730506156,0,86.3201094391,82.4213406293,81.121751026,79.8905608755
06013319001,81.805745554,0,81.2585499316,52.1887824897,41.9972640219,54.5827633379
06013319002,8.00273597811,0,8.00273597811,37.5512995896,13.6798905609,0
06013320001,99.8632010944,0,99.7264021888,100,100,99.9316005472
06013320003,10.8755129959,0,10.8755129959,43.2284541724,15.1846785226,12.6538987688
06013320004,97.6060191518,0,97.3324213406,97.3324213406,99.0424076607,98.6320109439
06013321101,79.6169630643,0,79.0697674419,84.1313269494,87.2777017784,90.4924760602
06013321102,7.04514363885,0,7.04514363885,22.0930232558,9.16552667579,12.1067031464
06013321103,47.1272229822,0,46.853625171,34.610123119,52.2571819425,60.1915184679
06013321200,76.0601915185,0,75.512995896,56.3611491108,69.1518467852,74.3502051984
06013322000,72.024623803,0,71.5458276334,50.683994528,79.5485636115,72.5718194254
06013324002,58.4131326949,0,58.0711354309,45.2804377565,65.5950752394,71.8878248974
06013324003,75.1025991792,0,74.5554035568,93.023255814,82.2161422709,36.730506156
06013324004,97.0588235294,0,96.7852257182,41.4500683995,57.2503419973,64.6374829001
06013325000,55.5403556772,0,55.1983584131,59.3023255814,50.5471956224,51.3679890561
06013326000,21.7510259918,0,21.682626539,12.3803009576,20.9302325581,27.9069767442
06013327001,92.0656634747,0,91.6552667579,91.1080711354,87.6880984952,87.4829001368
06013327002,83.6525307798,0,83.2421340629,58.6867305062,78.9329685363,83.1737346101
06013328000,84.8153214774,0,84.4049247606,79.4801641587,74.7606019152,75.3761969904
06013329000,86.2517099863,0,85.8413132695,89.876880985,93.5704514364,95.3488372093
06013330000,17.7154582763,0,17.7154582763,55.1983584131,23.3926128591,22.7086183311
06013331000,64.0902872777,0,63.6798905609,48.2900136799,71.6142270862,77.0177838577
06013332000,41.3132694938,0,41.1080711354,34.4049247606,46.0328317373,53.0779753762
06013333101,23.4610123119,0,23.3242134063,0,0,0
06013333102,54.6511627907,0,54.3775649795,40.6292749658,60.3967168263,67.8522571819
06013333200,58.0711354309,0,57.7291381669,39.7400820793,59.7127222982,67.0998632011
06013334001,1.5047879617,0,1.5047879617,9.57592339261,12.7222982216,11.4227086183
06013334007,25.7865937073,0,25.6497948016,62.3119015048,36.5937072503,27.1545827633
06013334200,54.3091655267,0,54.0355677155,73.3926128591,68.3310533516,68.194254446
06013335000,50.4103967168,0,50.1367989056,79.2065663475,73.2558139535,65.8686730506
06013336101,34.4733242134,0,34.3365253078,0,12.9958960328,18.9466484268
06013336103,57.7291381669,0,57.3871409029,84.8153214774,75.7181942544,66.3474692202
06013336202,69.220246238,0,68.8098495212,40.6976744186,62.3803009576,69.8358413133
06013337100,16.6894664843,0,16.6894664843,62.8590971272,26.4021887825,0
06013337201,89.6032831737,0,89.1244870041,78.9329685363,88.3720930233,90.7660738714
06013337202,64.3638850889,0,63.9534883721,23.7346101231,40.7660738714,78.2489740082
06013337300,24.7606019152,0,24.6238030096,22.4350205198,26.6073871409,33.4473324213
06013338201,46.511627907,0,46.3064295486,82.0109439124,64.1586867305,33.5157318741
06013338203,27.4965800274,0,27.3597811218,88.098495212,72.4350205198,0
06013338204,54.7879616963,0,54.5143638851,57.1135430917,62.9958960328,67.5102599179
06013338301,46.7168262654,0,46.511627907,40.8344733242,36.1833105335,42.3392612859
06013338302,66.6894664843,0,66.2790697674,78.5909712722,80.0957592339,79.2749658003
06013339001,66.2106703146,0,65.8002735978,82.3529411765,80.6429548564,78.9329685363
06013339003,82.7633378933,0,82.2845417237,95.0752393981,89.3296853625,86.7989056088
06013339004,79.7537619699,0,79.2065663475,77.2913816689,71.5458276334,68.7414500684
06013340001,75.7181942544,0,75.170998632,65.047879617,77.0861833105,80.2325581395
06013340004,66.0054719562,0,65.5950752394,59.9863201094,40.0136798906,39.3296853625
06013341000,62.0383036936,0,61.6279069767,58.755129959,92.0656634747,90.6976744186
06013343002,17.9890560876,0,17.9890560876,33.7893296854,44.9384404925,22.9138166895
06013345101,28.9329685363,0,28.7277701778,43.4336525308,31.7373461012,34.4049247606
06013345103,7.25034199726,0,7.25034199726,28.4541723666,10.8755129959,0
06013345105,55.8823529412,0,55.5403556772,46.4432284542,62.7222982216,68.9466484268
06013345111,68.1258549932,0,67.7154582763,78.3857729138,75.3077975376,72.9822161423
06013345112,4.99316005472,0,4.99316005472,5.06155950752,3.146374829,14.0218878249
06013345113,47.2640218878,0,46.9904240766,35.2257181943,52.462380301,60.2599179207
06013345114,8.82352941176,0,8.82352941176,41.7920656635,16.3474692202,16.9630642955
06013345115,69.9726402189,0,69.5622435021,41.6552667579,64.5006839945,71.5458276334
06013345117,1.5731874145,0,1.5731874145,78.317373461,11.0123119015,12.3119015048
06013345118,93.5704514364,0,93.2284541724,86.0465116279,78.2489740082,77.7701778386
06013345203,87.6196990424,0,87.1409028728,63.4746922025,77.4281805746,79.3433652531
06013345204,39.6032831737,0,39.3980848153,27.4281805746,42.2024623803,50
06013345205,85.7729138167,0,85.3625170999,73.9398084815,81.805745554,85.0205198358
06013345206,15.4582763338,0,15.4582763338,55.3351573187,24.0766073871,21.340629275
06013346102,25.1025991792,0,24.9658002736,21.6142270862,24.487004104,32.4213406293
06013346203,38.5772913817,0,38.3720930233,26.8809849521,41.5868673051,49.5212038304
06013346204,10.3967168263,0,10.3967168263,13.9534883721,9.78112175103,17.5102599179
06013346205,6.63474692202,0,6.63474692202,4.44596443228,2.59917920657,14.0902872777
06013346206,11.5595075239,0,11.5595075239,5.40355677155,5.26675786594,17.3734610123
06013347000,16.8946648427,0,16.8946648427,56.5663474692,91.7236662107,89.7400820793
06013348000,37.5512995896,0,37.414500684,42.6128590971,41.244870041,47.1272229822
06013349000,81.3953488372,0,80.8481532148,56.7715458276,72.9138166895,74.5554035568
06013350000,40.2872777018,0,40.0820793434,29.1381668947,44.5964432285,51.6415868673
06013351103,13.3378932969,0,13.3378932969,14.6374829001,15.9370725034,24.0082079343
06013351105,18.6730506156,0,18.6730506156,68.8098495212,33.9945280438,0
06013352101,53.6935704514,0,53.4199726402,86.7989056088,86.5937072503,83.8577291382
06013352102,15.3214774282,0,15.3214774282,27.7701778386,11.4911080711,16.5526675787
06013352201,53.5567715458,0,53.2831737346,39.5348837209,59.0287277702,66.5526675787
06013352202,43.2968536252,0,43.0916552668,74.9658002736,69.5622435021,59.9179206566
06013353001,5.19835841313,0,5.19835841313,29.0013679891,11.2859097127,12.7906976744
06013353002,39.8084815321,0,39.6032831737,28.317373461,43.7756497948,51.0259917921
06013354001,16.9630642955,0,16.9630642955,62.9958960328,42.7496580027,29.8221614227
06013354002,53.2831737346,0,53.0095759234,67.0998632011,63.8166894665,64.8426812585
06013355107,97.6744186047,0,97.4008207934,84.4733242134,85.0205198358,90.902872777
06013355109,38.6456908345,0,38.4404924761,66.1422708618,50.2735978112,45.6224350205
06013355110,28.1121751026,0,27.975376197,17.2366621067,27.5649794802,35.6361149111
06013355111,4.85636114911,0,4.85636114911,25.0341997264,10.123119015,0
06013355112,87.414500684,0,87.0041039672,64.6374829001,66.6894664843,62.0383036936
06013355113,16.6210670315,0,16.6210670315,56.1559507524,20.1094391245,0
06013355115,6.97674418605,0,6.97674418605,3.55677154583,1.5731874145,12.0383036936
06013355120,33.5157318741,0,33.3789329685,44.4596443228,37.4829001368,42.9548563611
06013355121,50.341997264,0,50.0683994528,37.1409028728,55.3351573187,63.269493844
06013355122,14.0902872777,0,14.0902872777,66.3474692202,31.121751026,0
06013355126,7.8659370725,0,7.8659370725,4.51436388509,3.35157318741,15.047879617
06013355201,96.3064295486,0,95.9644322845,97.1272229822,98.4952120383,99.2476060192
06013355202,22.2982216142,0,22.2298221614,12.8590971272,21.340629275,28.5225718194
06013355302,0.889192886457,0,0.889192886457,3.48837209302,1.5047879617,11.2175102599
06013355306,88.4404924761,0,87.9616963064,83.9945280438,63.4062927497,16.073871409
06013355307,8.34473324213,0,8.34473324213,21.2038303694,8.75512995896,0
06013355308,35.0889192886,0,34.952120383,42.6812585499,39.3980848153,45.4172366621
06013355309,88.3036935705,0,87.8248974008,50.4787961696,26.8809849521,22.9822161423
06013355310,30.3009575923,0,30.0957592339,19.4938440492,31.805745554,39.6032831737
06013356001,90.4924760602,0,90.0820793434,39.3296853625,42.6128590971,56.976744186
06013356002,13.6798905609,0,13.6798905609,8.96032831737,4.24076607387,11.0123119015
06013357000,97.4692202462,0,97.1272229822,82.1477428181,96.3064295486,96.169630643
06013358000,99.0424076607,0,98.7688098495,99.7948016416,99.7948016416,99.7264021888
06013359102,78.2489740082,0,77.7017783858,63.6798905609,58.0711354309,61.3543091655
06013359103,74.6238030096,0,74.0766073871,79.2749658003,83.4473324213,86.8673050616
06013359104,53.9671682627,0,53.6935704514,39.876880985,59.781121751,67.1682626539
06013359105,22.7086183311,0,22.6402188782,15.3214774282,21.8194254446,28.5225718194
06013359202,33.3105335157,0,33.1737346101,58.4131326949,42.3392612859,41.9288645691
06013359203,56.0875512996,0,55.7455540356,47.6744186047,62.7906976744,68.878248974
06013359204,14.9110807114,0,14.9110807114,28.7277701778,12.3803009576,17.2366621067
06013360101,69.8358413133,0,69.4254445964,79.5485636115,82.4213406293,82.9685362517
06013360102,55.2667578659,99.9316005472,99.9316005472,87.6196990424,73.1190150479,23.5978112175
06013360200,39.3296853625,0,39.1244870041,27.8385772914,42.9548563611,50.2051983584
06013361000,40.218878249,0,40.0136798906,9.64432284542,16.4842681259,23.6662106703
06013363000,65.8686730506,0,65.4582763338,58.9603283174,73.3926128591,77.975376197
06013364002,71.6142270862,0,71.1354309166,14.4322845417,32.5581395349,42.1340629275
06013365002,99.1108071135,0,98.8372093023,99.316005472,99.1792065663,99.0424076607
06013365003,72.5718194254,0,72.0930232558,50.2051983584,84.3365253078,82.9001367989
06013366002,51.7099863201,0,51.4363885089,13.4062927497,40.902872777,39.9452804378
06013367100,8.20793433653,0,8.20793433653,5.81395348837,4.92476060192,16.0054719562
06013367200,68.0574555404,0,67.6470588235,66.2106703146,75.9917920657,79.0013679891
06013368001,54.7195622435,0,54.4459644323,11.1491108071,28.1805745554,38.9876880985
06013368002,84.4049247606,0,83.9945280438,4.99316005472,45.2804377565,59.3023255814
06013369001,52.3939808482,0,52.1203830369,61.0807113543,61.901504788,64.9794801642
06013369002,22.2298221614,0,22.1614227086,7.7975376197,15.047879617,22.5718194254
06013370000,0.205198358413,0,0.205198358413,5.19835841313,2.32558139535,10.123119015
06013371000,78.3857729138,0,77.8385772914,62.4487004104,79.8905608755,83.5157318741
06013372000,50.7523939808,0,50.4787961696,10.8071135431,25.170998632,35.2257181943
06013373000,80.2325581395,0,79.6853625171,9.23392612859,26.4705882353,49.316005472
06013374000,65.047879617,0,64.6374829001,38.5772913817,23.3242134063,28.317373461
06013375000,76.6073871409,0,76.0601915185,61.2859097127,67.1682626539,72.2982216142
06013376000,28.317373461,0,28.1805745554,17.5786593707,32.7633378933,44.7332421341
06013377000,57.3871409029,0,57.0451436389,86.2517099863,76.6757865937,65.8002735978
06013378000,99.4528043776,0,99.2476060192,99.9316005472,99.8632010944,99.8632010944
06013379000,77.7701778386,0,77.2229822161,47.537619699,46.2380300958,50.7523939808
06013380001,89.1244870041,0,88.6456908345,87.5512995896,88.0300957592,89.4664842681
06013380002,91.8604651163,0,91.4500683995,87.9616963064,82.0793433653,82.5581395349
06013381000,64.2270861833,0,63.8166894665,65.8002735978,67.2366621067,69.220246238
06013382000,74.0766073871,0,73.5294117647,25.9917920657,40.4924760602,48.7004103967
06013383000,60.5335157319,0,60.123119015,45.5540355677,50,56.3611491108
06013384000,22.2982216142,0,22.2298221614,12.8590971272,21.340629275,28.5225718194
06013385100,7.31874145007,0,7.31874145007,35.0889192886,12.8590971272,0
06013386000,73.9398084815,0,73.3926128591,74.1450068399,64.8426812585,59.6443228454
06013387000,29.7537619699,0,29.5485636115,24.7606019152,30.9165526676,38.2352941176
06013389100,16.4842681259,0,16.4842681259,7.8659370725,14.1586867305,21.8194254446
06013389200,24.3502051984,0,24.2134062927,14.7742818057,23.7346101231,31.5321477428
06013390200,18.2626538988,0,18.2626538988,58.0027359781,91.6552667579,89.6716826265
06013391000,33.926128591,0,33.7893296854,69.4938440492,46.9220246238,37.0041039672
06013392000,2.66757865937,0,2.66757865937,7.04514363885,2.18878248974,0
06013392201,94.6648426813,0,94.2544459644,83.926128591,94.7332421341,95.1436388509
06013392300,37.8248974008,0,37.6880984952,74.0082079343,51.0259917921,47.7428180575
06041101100,99.5896032832,0,99.3844049248,96.7852257182,99.316005472,99.4528043776
06041101200,80.9849521204,0,80.4377564979,93.2284541724,89.2612859097,90.4240766074
06041102100,18.53625171,0,18.53625171,67.3050615595,33.0369357045,16.2106703146
06041102202,1.09439124487,0,1.09439124487,2.94117647059,0.889192886457,10.6019151847
06041102203,86.7989056088,0,86.3885088919,51.1627906977,86.9357045144,85.0889192886
06041103100,49.2476060192,0,48.9740082079,83.4473324213,71.8194254446,55.4035567715
06041103200,38.7824897401,0,38.5772913817,71.1354309166,55.4719562244,46.9904240766
06041104102,44.049247606,0,43.8440492476,72.0930232558,59.439124487,52.5307797538
06041104104,40.8344733242,0,40.6292749658,75.0341997264,60.8071135431,49.8632010944
06041104200,46.9220246238,0,46.7168262654,72.6402188782,61.4911080711,55.4719562244
06041104300,93.2284541724,0,92.8180574555,95.8276333789,96.169630643,96.9904240766
06041105001,66.5526675787,0,66.1422708618,51.9151846785,73.6662106703,78.4541723666
06041105002,36.730506156,0,36.5937072503,87.4829001368,70.7250341997,0
06041106001,83.3789329685,0,82.9001367989,85.4309165527,82.6949384405,85.6361149111
06041106002,76.2653898769,0,75.7181942544,88.0300957592,83.1053351573,80.0273597811
06041107000,38.3036935705,0,38.098495212,46.0328317373,44.3228454172,48.8372093023
06041108100,71.8194254446,0,71.340629275,75.3761969904,56.634746922,43.9124487004
06041108201,26.2653898769,0,26.1285909713,76.1969904241,51.7099863201,26.1969904241
06041108202,67.8522571819,0,67.4418604651,82.2161422709,80.1641586867,79.7537619699
06041109001,6.70314637483,0,6.70314637483,27.975376197,13.8850889193,17.4418604651
06041109002,7.59233926129,0,7.59233926129,28.9329685363,79.9589603283,74.2818057456
06041110100,62.8590971272,0,62.4487004104,55.2667578659,70.7934336525,76.1285909713
06041110200,90.218878249,0,89.8084815321,73.3242134063,97.1272229822,96.3748290014
06041111001,43.1600547196,0,42.9548563611,76.1285909713,58.1395348837,43.365253078
06041111002,67.9890560876,0,67.5786593707,85.2941176471,80.3009575923,78.317373461
06041112100,91.1080711354,0,90.6976744186,62.5170998632,77.2229822161,83.0369357045
06041112202,95.4856361149,0,95.0752393981,92.0656634747,93.1600547196,95.2120383037
06041112204,71.4090287278,0,70.9302325581,70.4514363885,56.4295485636,49.5896032832
06041113000,39.2612859097,0,39.0560875513,68.4678522572,45.8276333789,39.1928864569
06041114100,24.2818057456,0,24.1450068399,20.7934336525,28.2489740082,31.46374829
06041114200,30.9849521204,0,30.779753762,12.1751025992,22.366621067,30.0957592339
06041115000,40.7660738714,0,40.560875513,29.4801641587,45.1436388509,52.462380301
06041117000,76.1969904241,0,75.6497948016,57.8659370725,63.7482900137,69.6306429549
06041118100,16.1422708618,0,16.1422708618,3.62517099863,1.84678522572,12.8590971272
06041119100,60.2599179207,0,59.8495212038,91.244870041,82.0109439124,69.9726402189
06041119201,73.5978112175,0,73.0506155951,76.2653898769,80.8481532148,83.3789329685
06041120002,54.1723666211,0,53.8987688098,73.5978112175,67.3734610123,65.2530779754
06041121100,63.0642954856,0,62.6538987688,58.2079343365,71.4090287278,76.2653898769
06041121200,84.3365253078,0,83.926128591,79.6169630643,75.3761969904,74.8974008208
06041122000,1.36798905609,0,1.36798905609,3.0779753762,1.09439124487,11.1491108071
06041123000,8.27633378933,0,8.27633378933,12.3119015048,7.18194254446,14.5006839945
06041124100,48.1532147743,0,47.8796169631,35.5677154583,53.4199726402,61.0807113543
06041124200,52.6675786594,0,52.3939808482,64.2954856361,64.7058823529,71.2722298222
06041125000,57.6607387141,0,57.3187414501,54.1723666211,65.3214774282,70.4514363885
06041126100,72.8454172367,0,72.366621067,60.0547195622,70.3146374829,71.4090287278
06041126200,89.7400820793,0,89.2612859097,82.8317373461,91.0396716826,92.8864569083
06041127000,0.341997264022,0,0.341997264022,3.41997264022,0.957592339261,10.3967168263
06041128100,63.4746922025,0,63.0642954856,69.9726402189,92.2024623803,90.9712722298
06041129000,7.52393980848,0,7.52393980848,12.1067031464,7.45554035568,14.5690834473
06041130201,8.75512995896,0,8.75512995896,4.37756497948,3.21477428181,14.7058823529
06041130203,31.121751026,0,30.9165526676,20.1094391245,32.4897400821,40.4924760602
06041130204,53.4199726402,0,53.146374829,81.3953488372,67.0314637483,50.5471956224
06041131100,62.7906976744,0,62.3803009576,96.511627907,96.4432284542,95.6908344733
06041132100,16.7578659371,0,16.7578659371,54.3775649795,30.1641586867,24.6238030096
06041132200,14.6374829001,0,14.6374829001,48.1532147743,18.3310533516,18.194254446
06041133000,57.5239398085,0,57.1819425445,78.2489740082,58.6183310534,36.5937072503
06055200201,63.4062927497,0,62.9958960328,43.5020519836,75.4445964432,65.6634746922
06055200202,19.9042407661,0,19.9042407661,70.3146374829,36.730506156,0
06055200203,17.8522571819,0,17.8522571819,74.3502051984,42.5444596443,0
06055200301,78.7961696306,0,78.2489740082,80.2325581395,77.975376197,78.3857729138
06055200400,32.3529411765,0,32.1477428181,63.3378932969,93.0916552668,91.3816689466
06055200501,63.5430916553,0,63.1326949384,61.8331053352,72.5034199726,76.5389876881
06055200503,84.268125855,0,83.8577291382,64.1586867305,69.4254445964,74.6238030096
06055200504,36.1833105335,0,36.0465116279,83.7893296854,79.2749658003,72.366621067
06055200505,92.2708618331,0,91.8604651163,89.5348837209,87.756497948,86.5937072503
06055200601,56.4295485636,0,56.0875512996,56.9083447332,66.8946648427,70.5198358413
06055200602,78.5225718194,0,77.975376197,54.7879616963,79.4801641587,86.9357045144
06055200704,29.6853625171,0,29.4801641587,18.3310533516,29.8221614227,38.2352941176
06055200705,43.6388508892,0,43.4336525308,31.3269493844,48.0164158687,56.0191518468
06055200706,3.76196990424,0,3.76196990424,21.682626539,8.82352941176,0
06055200707,50.2051983584,0,49.9316005472,63.1326949384,60.0547195622,62.243502052
06055200802,62.3803009576,0,61.9699042408,64.4322845417,71.0670314637,75.0341997264
06055200803,6.36114911081,0,6.36114911081,36.1833105335,13.3378932969,0
06055200804,16.3474692202,0,16.3474692202,7.93433652531,14.2954856361,21.9562243502
06055200900,92.4076607387,0,91.9972640219,88.7140902873,95.6908344733,96.853625171
06055201003,90.0136798906,98.4952120383,89.6032831737,86.8673050616,83.7893296854,80.6429548564
06055201004,2.59917920657,0,2.59917920657,11.0807113543,5.33515731874,0
06055201005,98.5636114911,0,98.3584131327,99.1792065663,97.195622435,97.4008207934
06055201006,7.72913816689,0,7.72913816689,19.0834473324,13.269493844,18.6730506156
06055201007,68.3994528044,0,67.9890560876,53.5567715458,74.9658002736,79.6169630643
06055201102,39.6716826265,0,39.4664842681,70.7934336525,47.537619699,34.268125855
06055201200,62.92749658,0,62.5170998632,91.5868673051,83.1737346101,70.3830369357
06055201300,58.1395348837,0,57.7975376197,92.2708618331,89.1928864569,86.1833105335
06055201401,69.0150478796,0,68.6046511628,91.6552667579,80.5061559508,45.4856361149
06055201402,22.8454172367,0,22.7770177839,46.7168262654,27.0861833105,27.8385772914
06055201403,51.6415868673,0,51.3679890561,88.9876880985,75.6497948016,29.2065663475
06055201500,77.2913816689,0,76.7441860465,98.7688098495,93.2968536252,87.756497948
06055201601,77.3597811218,0,76.8125854993,67.0314637483,61.0807113543,54.9247606019
06055201602,56.0191518468,0,55.6771545828,70.9986320109,63.0642954856,60.4651162791
06055201700,90.560875513,0,90.1504787962,97.6060191518,94.4596443228,94.6648426813
06055201800,53.830369357,0,53.5567715458,93.707250342,82.5581395349,19.6990424077
06055201900,98.6320109439,0,98.4268125855,96.3064295486,94.9384404925,95.6224350205
06055202000,76.8809849521,0,76.3337893297,92.4076607387,82.4897400821,64.0902872777
06075010101,59.1655266758,0,58.8235294118,80.8481532148,69.9726402189,58.6867305062
06075010202,14.9794801642,0,14.9794801642,62.7222982216,26.1969904241,0
06075010300,9.98632010944,0,9.98632010944,22.1614227086,8.96032831737,0
06075010402,9.23392612859,0,9.23392612859,18.9466484268,8.27633378933,0
06075010500,94.39124487,0,93.9808481532,90.3556771546,82.8317373461,81.805745554
06075010701,4.7195622435,0,4.7195622435,23.3242134063,11.3543091655,15.6634746922
06075010702,5.81395348837,0,5.81395348837,4.17236662107,3.0779753762,14.9110807114
06075010800,0.957592339261,0,0.957592339261,5.26675786594,4.58276333789,16.8262653899
06075010902,10.123119015,0,10.123119015,22.8454172367,9.439124487,0
06075011001,4.58276333789,0,4.58276333789,19.4254445964,8.41313269494,0
06075011002,68.6046511628,0,68.194254446,0,27.7017783858,30.5061559508
06075011102,66.4842681259,0,66.073871409,70.8618331053,64.7742818057,57.1819425445
06075011200,89.5348837209,0,89.0560875513,50.1367989056,56.8399452804,71.0670314637
06075011300,19.1518467852,0,19.1518467852,52.804377565,22.5718194254,20.1778385773
06075011700,93.5020519836,0,93.1600547196,97.2640218878,91.244870041,85.2257181943
06075011800,20.0410396717,0,20.0410396717,71.9562243502,66.3474692202,51.5731874145
06075011901,13.4746922025,0,13.4746922025,44.8700410397,23.8030095759,23.2558139535
06075011902,67.0314637483,0,66.6210670315,59.8495212038,59.3023255814,72.1614227086
06075012001,9.09712722298,0,9.09712722298,24.8974008208,10.0547195622,0
06075012002,10.4651162791,0,10.4651162791,61.9699042408,31.5321477428,20.9302325581
06075012100,57.0451436389,0,56.7031463748,49.658002736,22.7770177839,25.3761969904
06075012202,56.3611491108,0,56.0191518468,21.1354309166,24.829001368,32.7633378933
06075012203,71.5458276334,0,71.0670314637,32.2161422709,27.2229822161,36.3885088919
06075012301,67.9206566347,0,67.5102599179,83.1737346101,74.487004104,74.4186046512
06075012302,80.1641586867,0,79.6169630643,63.5430916553,38.6456908345,37.756497948
06075012403,18.1258549932,0,18.1258549932,9.3023255814,9.3023255814,17.7154582763
06075012404,15.6634746922,0,15.6634746922,8.07113543092,5.88235294118,15.8002735978
06075012405,85.2257181943,0,84.8153214774,91.3132694938,93.9808481532,93.365253078
06075012406,14.5690834473,0,14.5690834473,49.1792065663,30.2325581395,24.7606019152
06075012502,72.5034199726,0,72.024623803,19.0150478796,26.5389876881,38.1668946648
06075012503,79.0013679891,0,78.4541723666,74.5554035568,53.0779753762,36.1149110807
06075012504,2.05198358413,0,2.05198358413,11.4911080711,5.47195622435,0
06075012602,12.92749658,0,12.92749658,6.90834473324,9.91792065663,19.4254445964
06075012801,37.1409028728,0,37.0041039672,25.8549931601,39.8084815321,48.0848153215
06075012802,18.6046511628,0,18.6046511628,0,6.83994528044,17.7838577291
06075012902,50.6155950752,0,50.341997264,62.7906976744,60.6703146375,62.9958960328
06075013002,0.683994528044,0,0.683994528044,3.00957592339,1.02599179207,10.8071135431
06075013101,69.5622435021,0,69.1518467852,67.5102599179,41.1764705882,37.07250342
06075013200,35.2941176471,0,35.1573187415,25.3761969904,29.4801641587,44.1860465116
06075013300,76.9493844049,0,76.4021887825,43.365253078,70.9986320109,80.5745554036
06075013401,32.0793433653,0,31.805745554,20.7250341997,33.3789329685,41.244870041
06075013500,34.4049247606,0,34.268125855,73.6662106703,77.2913816689,82.0109439124
06075015100,93.365253078,0,92.9548563611,85.5677154583,96.7168262654,95.8276333789
06075015201,15.1162790698,0,15.1162790698,68.6730506156,45.2120383037,25.8549931601
06075015202,4.6511627907,0,4.6511627907,6.08755129959,16.1422708618,21.5458276334
06075015300,79.5485636115,0,79.0013679891,63.269493844,62.585499316,66.6210670315
06075015401,3.69357045144,0,3.69357045144,17.1682626539,7.66073871409,0
06075015402,77.9069767442,0,77.3597811218,48.4952120383,37.6880984952,48.7688098495
06075015500,86.3885088919,0,85.9781121751,88.4404924761,82.3529411765,81.121751026
06075015600,37.4829001368,0,37.3461012312,26.1285909713,40.4240766074,48.5636114911
06075015701,90.7660738714,0,90.3556771546,81.46374829,95.8276333789,95.5540355677
06075015702,75.512995896,0,74.9658002736,72.024623803,68.53625171,63.0642954856
06075015801,12.7906976744,0,12.7906976744,14.7058823529,6.77154582763,0
06075015802,6.15595075239,0,6.15595075239,10.7387140903,5.12995896033,0
06075015900,16.8262653899,0,16.8262653899,51.0943912449,18.0574555404,0
06075016000,60.8755129959,0,60.4651162791,73.7346101231,56.1559507524,45.5540355677
06075016101,16.4158686731,0,16.4158686731,25.170998632,14.4322845417,21.4090287278
06075016102,56.976744186,0,56.634746922,98.1532147743,90.9712722298,20.7934336525
06075016200,83.3105335157,0,82.8317373461,78.659370725,71.340629275,63.8166894665
06075016400,65.8002735978,0,65.389876881,52.7359781122,73.3242134063,78.1121751026
06075016500,86.0465116279,0,85.6361149111,87.414500684,95.4172366621,96.511627907
06075016801,44.5280437756,0,44.3228454172,75.4445964432,69.0834473324,55.1299589603
06075016900,86.9357045144,0,86.5253077975,80.9849521204,81.6689466484,81.1901504788
06075017000,25.9233926129,0,25.7865937073,16.073871409,25.512995896,33.7893296854
06075017602,90.9712722298,0,90.560875513,93.365253078,86.7989056088,82.6949384405
06075017603,65.389876881,0,64.9794801642,66.4842681259,42.1340629275,35.3625170999
06075017604,43.365253078,0,43.1600547196,85.9781121751,76.0601915185,52.2571819425
06075017700,92.6128590971,0,92.2024623803,85.7045143639,82.6265389877,83.3105335157
06075017801,73.1874145007,0,72.7086183311,75.6497948016,60.6019151847,54.0355677155
06075017803,49.316005472,0,49.0424076607,2.80437756498,10.5335157319,20.3830369357
06075017804,86.5253077975,0,86.1149110807,60.5335157319,75.5813953488,80.3693570451
06075017903,58.2763337893,0,57.9343365253,90.4240766074,88.3036935705,85.7729138167
06075018000,88.3720930233,0,87.8932968536,95.2120383037,87.0041039672,75.8549931601
06075020101,70.5882352941,0,70.1778385773,84.1997264022,74.4186046512,66.8946648427
06075020102,44.9384404925,0,44.7332421341,0,35.0205198358,24.2134062927
06075020201,21.5458276334,0,21.4774281806,12.243502052,20.7934336525,27.7701778386
06075020202,54.5827633379,0,54.3091655267,9.71272229822,14.9794801642,22.6402188782
06075020300,29.4117647059,0,29.2065663475,33.1737346101,30.7113543092,36.9357045144
06075020402,41.7920656635,0,41.5868673051,38.0300957592,25.7181942544,25.170998632
06075020701,23.6662106703,0,23.5294117647,0,7.72913816689,18.7414500684
06075020702,2.80437756498,0,2.80437756498,15.1846785226,7.04514363885,0
06075020801,52.5991792066,0,52.3255813953,36.9357045144,36.4569083447,45.2804377565
06075020802,49.7264021888,0,49.4528043776,0,12.5170998632,19.2886456908
06075020900,59.0287277702,0,58.6867305062,41.1080711354,65.9370725034,71.2038303694
06075021000,20.2462380301,0,20.2462380301,8.48153214774,15.8686730506,22.7770177839
06075021700,37.2093023256,0,37.07250342,25.512995896,39.5348837209,48.0164158687
06075022600,88.7824897401,0,88.3036935705,90.2872777018,83.6525307798,76.4705882353
06075022702,24.2134062927,0,24.0766073871,5.12995896033,4.51436388509,16.8946648427
06075022704,56.9083447332,0,56.5663474692,7.38714090287,15.5950752394,24.6922024624
06075022801,46.3064295486,0,46.1012311902,51.8467852257,34.952120383,35.4993160055
06075022802,87.6880984952,0,87.2093023256,91.4500683995,89.1244870041,87.9616963064
06075022903,4.92476060192,0,4.92476060192,8.20793433653,10.3283173735,10.9439124487
06075023001,59.5075239398,0,59.097127223,34.6785225718,52.6675786594,60.6019151847
06075023103,86.4569083447,0,86.0465116279,32.9001367989,17.5102599179,20.9986320109
06075023200,71.682626539,0,71.2038303694,53.6251709986,33.8577291382,35.8413132695
06075023300,79.4117647059,0,78.8645690834,84.7469220246,80.3693570451,72.024623803
06075023400,85.0205198358,0,84.610123119,48.3584131327,71.4774281806,66.6894664843
06075025100,25.512995896,0,25.3761969904,15.731874145,25.0341997264,33.2421340629
06075025200,2.53077975376,0,2.53077975376,10.3283173735,8.20793433653,15.4582763338
06075025300,73.7346101231,0,73.1874145007,69.4254445964,63.9534883721,66.0054719562
06075025401,64.9110807114,0,64.5006839945,0,31.8741450068,44.2544459644
06075025501,33.0369357045,0,32.8317373461,22.2298221614,35.0889192886,42.8180574555
06075025502,21.0670314637,0,21.0670314637,11.5595075239,20.1778385773,27.0177838577
06075025600,24.6922024624,0,24.5554035568,15.1162790698,24.0082079343,31.805745554
06075025701,55.4035567715,0,55.0615595075,51.5731874145,51.6415868673,54.8563611491
06075025702,40.9712722298,0,40.7660738714,29.6853625171,45.3488372093,52.7359781122
06075025800,14.4322845417,0,14.4322845417,7.31874145007,11.6279069767,20.2462380301
06075025900,12.3803009576,0,12.3803009576,32.8317373461,12.243502052,0
06075026002,78.9329685363,0,78.3857729138,54.4459644323,48.0848153215,55.7455540356
06075026003,1.64158686731,0,1.64158686731,11.6279069767,5.54035567715,0
06075026004,18.9466484268,0,18.9466484268,0,6.83994528044,17.7838577291
06075026100,73.1190150479,0,72.6402188782,67.4418604651,62.92749658,58.9603283174
06075026201,49.5896032832,0,49.316005472,30.0273597811,46.1012311902,53.9671682627
06075026202,32.5581395349,0,32.3529411765,52.3939808482,18.4678522572,0
06075026302,48.2900136799,0,48.0164158687,35.6361149111,53.6251709986,61.4227086183
06075026303,28.2489740082,0,28.1121751026,0,5.06155950752,16.7578659371
06075030101,57.1135430917,0,56.7715458276,0,15.2530779754,23.5294117647
06075030102,88.2352941176,0,87.756497948,89.1244870041,91.9288645691,93.707250342
06075030201,48.2216142271,0,47.9480164159,35.4993160055,53.5567715458,61.1491108071
06075030202,77.2229822161,0,76.6757865937,24.9658002736,55.8823529412,66.7578659371
06075030302,49.5212038304,0,49.2476060192,36.5253077975,54.7195622435,62.5170998632
06075030400,13.2010943912,0,13.2010943912,55.60875513,19.7674418605,12.3803009576
06075030500,69.0834473324,0,68.6730506156,81.3269493844,76.8125854993,69.0150478796
06075030600,0.478796169631,0,0.478796169631,6.42954856361,1.70998632011,0
06075030700,2.39398084815,0,2.39398084815,15.389876881,7.11354309166,0
06075030800,28.5225718194,0,28.3857729138,17.4418604651,27.975376197,36.6621067031
06075030900,38.8508891929,0,38.6456908345,27.2229822161,41.8604651163,49.658002736
06075031000,4.51436388509,0,4.51436388509,24.0766073871,9.84952120383,0
06075031100,19.0834473324,0,19.0834473324,56.634746922,29.4117647059,19.0834473324
06075031201,36.4569083447,0,36.3201094391,24.6922024624,38.9192886457,46.9220246238
06075031302,64.5690834473,0,64.1586867305,22.7086183311,40.6292749658,49.7948016416
06075031401,49.8632010944,0,49.5896032832,36.8673050616,55.0615595075,62.92749658
06075032601,46.6484268126,0,46.4432284542,30.9165526676,47.1272229822,55.3351573187
06075032602,16.5526675787,0,16.5526675787,56.0875512996,19.9726402189,0
06075032801,54.3775649795,0,54.1039671683,48.0848153215,61.1491108071,67.3050615595
06075032802,42.8864569083,0,42.6812585499,28.5225718194,48.9740082079,62.7222982216
06075032901,71.2722298222,0,70.7934336525,0,23.5978112175,35.8413132695
06075032902,3.83036935705,0,3.83036935705,3.76196990424,1.98358413133,13.0642954856
06075033001,32.7633378933,0,32.5581395349,21.8878248974,34.610123119,42.4760601915
06075033100,15.5266757866,0,15.5266757866,59.9179206566,23.1874145007,16.4158686731
06075033201,14.7742818057,0,14.7742818057,64.0218878249,28.3857729138,13.6114911081
06075033203,30.6429548564,0,30.4377564979,85.4993160055,73.0506155951,41.8604651163
06075033204,70.7934336525,0,70.3830369357,70.3830369357,66.8262653899,62.7906976744
06075035102,18.3994528044,0,18.3994528044,9.439124487,16.9630642955,23.8714090287
06075035202,32.4213406293,0,32.2161422709,21.0670314637,33.926128591,41.7920656635
06075035300,11.0807113543,0,11.0807113543,3.21477428181,1.29958960328,11.4911080711
06075040100,11.8331053352,0,11.8331053352,42.8864569083,14.8426812585,0
06075040200,34.0629274966,0,33.926128591,57.5923392613,40.3556771546,40.2872777018
06075042601,5.06155950752,0,5.06155950752,3.96716826265,2.39398084815,14.1586867305
06075042700,57.5923392613,0,57.2503419973,37.8932968536,56.7031463748,64.5690834473
06075045100,62.5170998632,0,62.1067031464,31.3953488372,20.5198358413,30.779753762
06075045201,19.4938440492,0,19.4938440492,10.1915184679,17.7838577291,24.829001368
06075045202,9.78112175103,0,9.78112175103,19.2886456908,9.50752393981,16.1422708618
06075047801,0.547195622435,0,0.547195622435,2.66757865937,0.683994528044,10.0547195622
06075047802,18.4678522572,0,18.4678522572,9.50752393981,17.0998632011,23.9398084815
06075047903,24.1450068399,0,24.0082079343,0,0,0
06075060100,89.3980848153,0,88.9192886457,85.2257181943,74.0766073871,63.3378932969
06075060400,92.2024623803,0,91.7920656635,71.682626539,97.4008207934,98.9056087551
06075060701,88.6456908345,0,88.1668946648,95.4172366621,89.7400820793,86.5253077975
06075060702,64.5006839945,0,64.0902872777,84.268125855,68.0574555404,29.4801641587
06075060703,40.3556771546,0,40.1504787962,89.0560875513,76.1969904241,26.6073871409
06075061101,88.8508891929,0,88.3720930233,90.7660738714,87.6196990424,87.2093023256
06075061200,57.3187414501,0,56.976744186,21.2722298222,22.8454172367,30.4377564979
06075061501,93.1600547196,0,92.7496580027,98.4268125855,92.2708618331,84.1997264022
06075061502,37.756497948,0,37.6196990424,80.0273597811,62.6538987688,41.4500683995
06075061503,94.1860465116,0,93.7756497948,94.049247606,84.0629274966,52.804377565
06075061504,70.3146374829,0,69.9042407661,72.7770177839,44.4596443228,25.3761969904
06075061505,82.4213406293,0,81.9425444596,96.1012311902,91.9972640219,89.1928864569
06075061506,21.4774281806,0,21.4090287278,77.0861833105,50.7523939808,20.1094391245
06075061507,92.9548563611,0,92.5444596443,96.853625171,95.0752393981,94.9384404925
06075061508,25.4445964432,0,25.3077975376,74.487004104,42.8180574555,0
06075980200,30.5061559508,0,30.3009575923,87.8248974008,86.0465116279,82.0793433653
06075980300,84.610123119,0,84.1997264022,55.0615595075,67.3050615595,66.8262653899
06075980600,9.84952120383,0,9.84952120383,22.6402188782,9.09712722298,0
06075980900,97.7428180575,99.3844049248,97.6060191518,97.9480164159,98.2216142271,99.1108071135
06081600100,97.8796169631,0,97.537619699,97.8796169631,94.39124487,94.5280437756
06081600200,69.7674418605,0,69.3570451436,57.6607387141,66.7578659371,72.0930232558
06081600300,19.0150478796,0,19.0150478796,63.7482900137,32.6949384405,20.7250341997
06081600401,12.585499316,0,12.585499316,33.1053351573,12.3119015048,0
06081600501,15.8002735978,0,15.8002735978,48.0164158687,17.1682626539,0
06081600502,3.96716826265,0,3.96716826265,14.5690834473,6.70314637483,0
06081600600,61.6279069767,0,61.2175102599,73.1874145007,69.6306429549,66.9630642955
06081600701,19.6306429549,0,19.6306429549,33.9945280438,13.1326949384,14.3638850889
06081600800,89.6716826265,0,89.1928864569,93.9808481532,90.6976744186,90.1504787962
06081600900,50.2735978112,0,50,37.2093023256,55.4035567715,63.2010943912
06081601000,34.1997264022,0,34.0629274966,51.7099863201,38.3720930233,40.4240766074
06081601100,8.89192886457,0,8.89192886457,23.5294117647,9.71272229822,0
06081601200,27.975376197,0,27.8385772914,47.0588235294,29.3433652531,30.1641586867
06081601301,66.073871409,0,65.6634746922,39.0560875513,73.5294117647,75.7865937073
06081601302,67.4418604651,0,67.0314637483,53.0779753762,35.7045143639,41.0396716826
06081601400,49.1108071135,0,48.8372093023,52.0519835841,55.950752394,61.8331053352
06081601501,2.12038303694,0,2.12038303694,10.4651162791,13.9534883721,11.6963064295
06081601502,44.4596443228,0,44.2544459644,79.7537619699,54.8563611491,22.024623803
06081601601,98.2900136799,0,98.0848153215,92.6128590971,98.3584131327,97.9480164159
06081601603,14.5006839945,0,14.5006839945,55.8823529412,19.9042407661,0
06081601604,89.1928864569,0,88.7140902873,91.7920656635,98.1532147743,97.6060191518
06081601605,12.1751025992,0,12.1751025992,41.5868673051,14.7058823529,0
06081601700,68.194254446,0,67.7838577291,53.488372093,74.8974008208,79.4801641587
06081601800,6.2243502052,0,6.2243502052,35.1573187415,12.92749658,0
06081601902,82.3529411765,0,81.8741450068,79.0697674419,87.1409028728,89.3980848153
06081602001,5.12995896033,0,5.12995896033,9.3707250342,4.30916552668,0
06081602100,56.5663474692,0,56.2243502052,16.2106703146,25.5813953488,33.8577291382
06081602202,80.5061559508,0,79.9589603283,31.0533515732,65.1162790698,68.0574555404
06081602300,97.9480164159,0,97.6744186047,99.658002736,97.9480164159,97.1272229822
06081602400,55.4719562244,0,55.1299589603,76.8125854993,77.7701778386,76.3337893297
06081602500,10.3283173735,0,10.3283173735,40.902872777,14.5006839945,0
06081602601,58.6183310534,0,58.2763337893,49.5896032832,65.8686730506,71.7510259918
06081602602,20.4514363885,0,20.4514363885,11.0123119015,19.0834473324,26.1285909713
06081602700,28.3857729138,0,28.2489740082,45.6908344733,31.1901504788,32.9001367989
06081602800,28.1805745554,0,28.0437756498,17.3734610123,27.633378933,35.7729138167
06081602900,50.8207934337,0,50.5471956224,20.9302325581,34.6785225718,42.6812585499
06081603000,45.8276333789,0,45.6224350205,84.3365253078,76.1285909713,64.7742818057
06081603100,65.1846785226,0,64.7742818057,52.1203830369,65.5266757866,71.1354309166
06081603200,51.1627906977,0,50.8891928865,89.7400820793,88.2352941176,88.8508891929
06081603300,6.292749658,0,6.292749658,5.47195622435,3.96716826265,14.8426812585
06081603400,26.4021887825,0,26.2653898769,51.3679890561,33.7209302326,33.3105335157
06081603700,51.9151846785,0,51.6415868673,53.0095759234,59.2339261286,65.047879617
06081603801,41.0396716826,0,40.8344733242,29.8221614227,45.4172366621,52.9411764706
06081603802,57.9343365253,0,57.5923392613,57.3871409029,66.2790697674,70.8618331053
06081603900,19.7674418605,0,19.7674418605,53.8987688098,20.0410396717,18.3310533516
06081604000,0.615595075239,0,0.615595075239,7.45554035568,2.66757865937,0
06081604102,44.3228454172,0,44.1176470588,79.8905608755,71.7510259918,61.2859097127
06081604103,70.1094391245,0,69.6990424077,9.91792065663,28.7961696306,40.1504787962
06081604104,63.8166894665,0,63.4062927497,59.6443228454,73.4610123119,76.9493844049
06081604200,91.7920656635,0,91.3816689466,82.5581395349,79.2065663475,80.1641586867
06081604400,82.2161422709,0,81.6689466484,86.1149110807,85.8413132695,87.2777017784
06081604500,2.25718194254,0,2.25718194254,4.03556771546,1.91518467852,12.5170998632
06081604600,31.805745554,98.7004103967,32.9001367989,65.2530779754,58.755129959,50.8891928865
06081604700,37.2777017784,0,37.1409028728,25.9233926129,40.1504787962,48.2216142271
06081604800,18.0574555404,0,18.0574555404,62.6538987688,34.7469220246,22.4350205198
06081604900,16.2790697674,0,16.2790697674,40.2872777018,17.0314637483,21.6142270862
06081605000,75.0341997264,0,74.487004104,90.0136798906,95.0068399453,94.049247606
06081605100,92.4760601915,0,92.0656634747,88.5088919289,85.4993160055,86.1149110807
06081605300,75.2393980848,0,74.6922024624,17.9206566347,30.8481532148,42.0656634747
06081605400,95.7592339261,0,95.4856361149,87.1409028728,90.218878249,93.9124487004
06081605501,17.2366621067,0,17.2366621067,59.1655266758,22.024623803,0
06081605502,37.0041039672,0,36.8673050616,37.756497948,40.6976744186,41.5868673051
06081605600,38.9876880985,0,38.7824897401,58.5499316005,23.1190150479,19.4938440492
06081605700,9.3707250342,0,9.3707250342,32.5581395349,12.1067031464,0
06081605901,72.2298221614,0,71.7510259918,10.6019151847,33.7893296854,44.9384404925
06081606000,84.6785225718,0,84.268125855,40.3556771546,70.0410396717,77.2913816689
06081606100,22.1614227086,0,22.0930232558,42.5444596443,23.8714090287,26.6757865937
06081606201,1.29958960328,0,1.29958960328,8.61833105335,3.76196990424,0
06081606202,79.6853625171,0,79.1381668947,54.8563611491,74.829001368,79.6853625171
06081606300,77.0861833105,0,76.5389876881,64.5006839945,43.6388508892,43.023255814
06081606400,11.9699042408,0,11.9699042408,57.7291381669,33.2421340629,24.1450068399
06081606600,42.9548563611,0,42.7496580027,58.6183310534,50.8891928865,51.7783857729
06081606700,70.7250341997,0,70.3146374829,95.7592339261,87.414500684,46.5800273598
06081606800,60.3967168263,0,59.9863201094,74.6922024624,48.7688098495,27.975376197
06081606900,88.098495212,0,87.6196990424,90.8344733242,95.4856361149,96.9220246238
06081607000,3.41997264022,0,3.41997264022,7.66073871409,3.28317373461,0
06081607100,73.2558139535,0,72.7770177839,85.9097127223,85.3625170999,89.5348837209
06081607200,55.1983584131,0,54.9247606019,75.9233926129,64.9110807114,56.7031463748
06081607400,35.2257181943,0,35.0889192886,74.829001368,58.2763337893,38.7140902873
06081607500,85.8413132695,0,85.4309165527,82.4897400821,87.8248974008,90.560875513
06081607600,83.8577291382,0,83.4473324213,69.5622435021,56.4979480164,56.0875512996
06081607701,25.8549931601,0,25.7181942544,34.7469220246,26.8125854993,31.9425444596
06081607800,21.8878248974,0,21.8194254446,12.585499316,21.0670314637,28.0437756498
06081607900,47.6060191518,0,47.3324213406,78.4541723666,80.9849521204,88.3036935705
06081608001,3.35157318741,0,3.35157318741,13.8850889193,6.292749658,0
06081608023,24.4186046512,0,24.2818057456,26.6757865937,16.4158686731,15.5266757866
06081608024,26.3337893297,0,26.1969904241,16.3474692202,25.8549931601,34.1313269494
06081608025,90.8344733242,0,90.4240766074,94.7332421341,90.2872777018,89.8084815321
06081608200,11.4911080711,0,11.4911080711,37.6880984952,13.8166894665,0
06081608300,3.0779753762,0,3.0779753762,18.1258549932,7.93433652531,0
06081608400,41.244870041,0,41.0396716826,54.6511627907,47.6060191518,50.1367989056
06081608501,46.1012311902,0,45.8960328317,39.6716826265,51.5047879617,59.097127223
06081608502,45.0068399453,0,44.8016415869,26.5389876881,34.0629274966,41.7236662107
06081608600,78.659370725,0,78.1121751026,70.7250341997,70.9302325581,73.8030095759
06081608700,24.5554035568,0,24.4186046512,36.7989056088,25.4445964432,30.0273597811
06081608800,14.2270861833,0,14.2270861833,66.6894664843,31.46374829,11.0807113543
06081608900,10.8071135431,0,10.8071135431,61.0123119015,24.3502051984,0
06081609000,61.5595075239,0,61.1491108071,67.6470588235,71.9562243502,73.1190150479
06081609100,94.9384404925,0,94.5280437756,90.902872777,87.9616963064,87.6880984952
06081609201,40.4240766074,0,40.218878249,24.487004104,39.3296853625,47.8112175103
06081609202,46.2380300958,0,46.0328317373,61.901504788,55.2667578659,56.8399452804
06081609400,3.28317373461,0,3.28317373461,13.4746922025,6.15595075239,0
06081609500,6.83994528044,0,6.83994528044,31.9425444596,11.8331053352,0
06081609602,1.23119015048,0,1.23119015048,10.3967168263,4.78796169631,0
06081609603,6.49794801642,0,6.49794801642,26.4021887825,10.2599179207,0
06081609700,36.3201094391,0,36.1833105335,78.5225718194,58.2079343365,35.2941176471
06081609800,86.1149110807,0,85.7045143639,81.0533515732,78.5225718194,77.7017783858
06081610000,22.0930232558,0,22.024623803,11.9699042408,20.6566347469,27.633378933
06081610100,58.5499316005,0,58.2079343365,14.2270861833,28.9329685363,38.5772913817
06081610201,75.170998632,0,74.6238030096,82.2845417237,79.0697674419,82.7633378933
06081610202,91.7236662107,0,91.3132694938,93.5020519836,93.8440492476,95.2804377565
06081610203,82.0793433653,0,81.5321477428,78.0437756498,86.5253077975,89.1244870041
06081610302,97.4008207934,98.9056087551,97.195622435,95.6908344733,93.023255814,93.5704514364
06081610303,95.4172366621,0,95.0068399453,93.7756497948,97.537619699,98.8372093023
06081610304,46.7852257182,0,46.5800273598,85.0205198358,68.6046511628,24.8974008208
06081610400,0.820793433653,0,0.820793433653,7.52393980848,2.73597811218,0
06081610500,90.6976744186,0,90.2872777018,77.1545827633,71.682626539,86.730506156
06081610601,51.9835841313,0,51.7099863201,46.169630643,69.8358413133,71.8194254446
06081610602,77.975376197,0,77.4281805746,37.4829001368,52.9411764706,61.2175102599
06081610700,61.8331053352,0,61.4227086183,56.0191518468,51.9151846785,55.950752394
06081610800,64.4322845417,0,64.0218878249,48.7004103967,71.8878248974,77.2229822161
06081610901,51.4363885089,0,51.1627906977,0,17.4418604651,26.0601915185
06081610902,0.410396716826,0,0.410396716826,5.67715458276,1.16279069767,0
06081611000,10.5335157319,0,10.5335157319,26.1969904241,10.1915184679,0
06081611100,28.659370725,0,28.5225718194,17.5102599179,28.317373461,37.2093023256
06081611200,11.901504788,0,11.901504788,5.54035567715,5.19835841313,17.0998632011
06081611300,58.8919288646,0,58.5499316005,44.7332421341,66.2106703146,72.8454172367
06081611400,38.1668946648,0,37.9616963064,80.3009575923,56.7715458276,25.7865937073
06081611500,39.0560875513,0,38.8508891929,34.4733242134,15.1162790698,20.3146374829
06081611600,8.48153214774,0,8.48153214774,7.18194254446,2.53077975376,11.7647058824
06081611700,93.9124487004,0,93.5704514364,98.7004103967,96.511627907,97.195622435
06081611800,94.4596443228,0,94.049247606,95.2804377565,97.6744186047,98.2900136799
06081611901,39.3980848153,0,39.1928864569,85.7729138167,67.6470588235,0
06081611902,43.9124487004,0,43.707250342,0,13.5430916553,69.0834473324
06081612002,69.6990424077,0,69.2886456908,57.2503419973,76.9493844049,80.9849521204
06081612101,71.0670314637,0,70.5882352941,57.0451436389,26.9493844049,25.3761969904
06081612102,53.8987688098,0,53.6251709986,0,15.5266757866,23.7346101231
06081612500,64.7742818057,0,64.3638850889,94.1176470588,88.9876880985,84.4049247606
06081612600,44.2544459644,0,44.049247606,30.4377564979,46.6484268126,54.9931600547
06081612900,17.3734610123,0,17.3734610123,8.75512995896,16.073871409,22.8454172367
06081613000,82.5581395349,0,82.0793433653,89.3980848153,85.7729138167,89.2612859097
06081613200,55.60875513,0,55.2667578659,78.8645690834,73.1874145007,74.0766073871
06081613300,68.8098495212,0,68.3994528044,91.3816689466,81.3953488372,64.0218878249
06081613400,47.6744186047,0,47.4008207934,81.5321477428,69.2886456908,56.2243502052
06081613501,100,0,99.8632010944,97.4692202462,99.1108071135,98.2216142271
06081613502,31.5321477428,0,31.3269493844,75.1025991792,52.3255813953,31.3953488372
06081613600,69.4938440492,0,69.0834473324,87.07250342,78.7961696306,72.7770177839
06081613701,23.5978112175,0,23.4610123119,49.2476060192,34.8837209302,33.6525307798
06081613702,80.3693570451,98.7688098495,79.8905608755,75.5813953488,70.3830369357,68.6046511628
06081613800,88.1668946648,0,87.6880984952,77.975376197,58.9603283174,40.218878249
06081613900,75.9233926129,0,75.3761969904,86.4569083447,85.2941176471,83.2421340629
06081614000,76.4705882353,0,75.9233926129,79.9589603283,64.2270861833,50.8207934337
06081984300,96.169630643,99.5212038304,96.5800273598,98.0848153215,94.1860465116,94.1176470588
06085500100,85.6361149111,0,85.2257181943,65.6634746922,74.2818057456,84.952120383
06085500200,65.9370725034,0,65.5266757866,82.6949384405,79.0013679891,79.2065663475
06085500300,93.4336525308,0,93.0916552668,80.7113543092,75.7865937073,71.682626539
06085500500,48.9740082079,0,48.7004103967,72.9822161423,74.2134062927,72.6402188782
06085500600,84.1313269494,0,83.7209302326,69.6990424077,88.6456908345,92.1340629275
06085500800,91.5184678523,0,91.1080711354,97.195622435,92.3392612859,91.6552667579
06085500901,94.3228454172,0,93.9124487004,91.5184678523,91.3132694938,93.023255814
06085500902,17.0998632011,0,17.0998632011,8.34473324213,15.3214774282,22.366621067
06085501000,61.7647058824,0,61.3543091655,90.218878249,79.4117647059,53.830369357
06085501101,15.9370725034,0,15.9370725034,40.4924760602,17.2366621067,20.6566347469
06085501102,18.3310533516,0,18.3310533516,0,4.85636114911,16.4842681259
06085501200,39.7400820793,0,39.5348837209,96.0328317373,87.2093023256,0
06085501300,29.2749658003,0,29.0697674419,17.7838577291,28.8645690834,37.4829001368
06085501401,87.3461012312,0,86.9357045144,61.6963064295,66.073871409,81.6005471956
06085501402,27.3597811218,0,27.2229822161,0,11.901504788,21.2722298222
06085501601,65.6634746922,0,65.2530779754,17.2366621067,43.0916552668,53.8987688098
06085501700,86.1833105335,0,85.7729138167,74.2818057456,64.0902872777,63.8850889193
06085501901,73.3242134063,0,72.8454172367,77.4965800274,60.1915184679,46.6484268126
06085501902,89.0560875513,0,88.5772913817,6.2243502052,20.7250341997,31.6689466484
06085502001,48.5636114911,0,48.2900136799,75.170998632,62.3119015048,52.1203830369
06085502002,36.0465116279,0,35.9097127223,57.9343365253,49.5896032832,43.2284541724
06085502101,88.5772913817,0,88.098495212,91.9972640219,89.4664842681,89.0560875513
06085502103,32.1477428181,0,31.8741450068,16.6894664843,13.7482900137,20.8618331053
06085502104,12.6538987688,0,12.6538987688,6.83994528044,9.64432284542,19.3570451436
06085502202,10.1915184679,0,10.1915184679,31.5321477428,19.1518467852,22.2982216142
06085502203,7.11354309166,0,7.11354309166,12.4487004104,5.95075239398,0
06085502204,41.8604651163,0,41.6552667579,30.5061559508,46.4432284542,54.1723666211
06085502301,19.2886456908,0,19.2886456908,9.98632010944,17.5786593707,24.5554035568
06085502302,52.1203830369,0,51.8467852257,38.8508891929,57.7975376197,65.4582763338
06085502400,40.6976744186,0,40.4924760602,29.4117647059,45.0752393981,52.3255813953
06085502601,75.4445964432,0,74.8974008208,32.1477428181,49.0424076607,57.1135430917
06085502604,85.3625170999,0,84.952120383,58.1395348837,57.0451436389,62.1751025992
06085502701,72.9138166895,0,72.4350205198,47.4008207934,67.8522571819,73.9398084815
06085502703,74.5554035568,0,74.0082079343,44.5964432285,51.9835841313,59.9863201094
06085502704,33.2421340629,0,33.1053351573,70.5198358413,49.658002736,36.8673050616
06085502800,60.123119015,0,59.7127222982,47.195622435,68.6730506156,74.1450068399
06085502901,46.5800273598,0,46.3748290014,34.0629274966,51.2995896033,59.3707250342
06085502902,36.5937072503,0,36.4569083447,53.146374829,43.9124487004,46.4432284542
06085502903,34.5417236662,0,34.4049247606,55.5403556772,39.876880985,41.1080711354
06085502906,38.8508891929,0,38.6456908345,27.2913816689,41.9288645691,49.7264021888
06085502907,60.6019151847,0,60.1915184679,45.6224350205,67.9206566347,74.487004104
06085502908,30.4377564979,0,30.2325581395,19.6990424077,31.9425444596,39.876880985
06085502909,58.3447332421,0,58.0027359781,43.9808481532,65.2530779754,71.9562243502
06085502910,33.4473324213,0,33.3105335157,23.8714090287,35.5677154583,43.4336525308
06085503001,48.4268125855,0,48.1532147743,30.0957592339,47.6744186047,58.1395348837
06085503002,41.9288645691,0,41.7236662107,30.3009575923,46.3064295486,54.3091655267
06085503003,9.02872777018,0,9.02872777018,6.15595075239,5.81395348837,16.6210670315
06085503105,32.4897400821,0,32.2845417237,82.0793433653,76.8809849521,65.3214774282
06085503110,70.5198358413,0,70.1094391245,51.9835841313,49.2476060192,50.9575923393
06085503111,43.4336525308,0,43.2284541724,31.121751026,47.4008207934,55.5403556772
06085503112,59.9179206566,0,59.5075239398,91.1764705882,80.7113543092,54.7195622435
06085503113,63.8850889193,0,63.4746922025,6.97674418605,19.6990424077,28.3857729138
06085503116,29.6169630643,0,29.4117647059,57.3187414501,37.3461012312,35.7045143639
06085503117,38.7140902873,0,38.5088919289,69.220246238,53.9671682627,47.2640218878
06085503118,31.46374829,0,31.2585499316,20.4514363885,32.9685362517,40.8344733242
06085503121,94.5964432285,0,94.1860465116,50.4103967168,83.5157318741,91.1080711354
06085503122,94.2544459644,0,93.8440492476,89.4664842681,89.6032831737,91.0396716826
06085503123,42.6128590971,0,42.4076607387,92.9548563611,81.2585499316,0
06085503124,45.5540355677,0,45.3488372093,56.4979480164,71.2722298222,83.4473324213
06085503126,74.8974008208,0,74.3502051984,75.9917920657,96.0328317373,94.7332421341
06085503127,83.0369357045,0,82.5581395349,64.9794801642,59.9863201094,63.4746922025
06085503207,83.7209302326,0,83.3105335157,83.3789329685,87.8932968536,92.2708618331
06085503208,11.2175102599,0,11.2175102599,6.63474692202,8.61833105335,18.8098495212
06085503210,95.0752393981,0,94.6648426813,84.5417236662,87.5512995896,92.2024623803
06085503211,48.0164158687,0,47.7428180575,35.3625170999,53.2147742818,60.9439124487
06085503212,62.243502052,0,61.8331053352,51.5047879617,70.1778385773,75.9233926129
06085503213,48.0848153215,0,47.8112175103,35.4309165527,53.3515731874,61.0123119015
06085503218,34.268125855,0,34.1313269494,23.1190150479,36.3885088919,44.5964432285
06085503219,73.6662106703,0,73.1190150479,27.3597811218,45.8960328317,63.4062927497
06085503220,47.8796169631,0,47.6060191518,35.2941176471,53.146374829,60.8071135431
06085503221,51.2995896033,0,51.0259917921,42.3392612859,49.4528043776,56.5663474692
06085503222,79.9589603283,0,79.4117647059,12.8590971272,43.5020519836,55.1983584131
06085503304,79.0697674419,0,78.5225718194,59.5759233926,78.659370725,82.4897400821
06085503305,62.7222982216,0,62.3119015048,58.8919288646,71.1354309166,76.1969904241
06085503306,63.3378932969,0,62.92749658,64.7742818057,84.1313269494,87.414500684
06085503312,29.0697674419,0,28.8645690834,47.6060191518,34.1313269494,36.1833105335
06085503315,52.7359781122,0,52.462380301,39.1244870041,58.5499316005,65.9370725034
06085503321,24.0766073871,0,23.9398084815,13.6798905609,22.2298221614,29.9589603283
06085503322,5.60875512996,0,5.60875512996,18.6046511628,8.07113543092,0
06085503325,45.6908344733,0,45.4856361149,33.6525307798,50.4103967168,58.8235294118
06085503326,12.0383036936,0,12.0383036936,0,0,0
06085503327,25.5813953488,0,25.4445964432,50.0683994528,31.3269493844,29.6853625171
06085503329,6.56634746922,0,6.56634746922,14.3638850889,6.56634746922,0
06085503330,2.18878248974,0,2.18878248974,8.89192886457,4.03556771546,0
06085503331,70.3830369357,0,69.9726402189,32.7633378933,30.0273597811,40.902872777
06085503332,9.91792065663,0,9.91792065663,37.8248974008,14.0902872777,14.2954856361
06085503333,16.2106703146,0,16.2106703146,54.2407660739,18.8098495212,10.3283173735
06085503336,17.0314637483,0,17.0314637483,73.8714090287,41.6552667579,0
06085503338,12.9958960328,0,12.9958960328,37.2777017784,13.6114911081,0
06085503401,26.4705882353,0,26.3337893297,16.4158686731,25.9233926129,34.1997264022
06085503402,26.7441860465,0,26.6073871409,16.6210670315,26.1285909713,34.4733242134
06085503504,3.146374829,0,3.146374829,3.89876880985,2.12038303694,13.7482900137
06085503508,12.4487004104,0,12.4487004104,6.36114911081,7.59233926129,17.6470588235
06085503510,54.1039671683,0,53.830369357,40.218878249,60.3283173735,67.9206566347
06085503601,82.4897400821,0,82.0109439124,76.0601915185,83.2421340629,85.2941176471
06085503602,60.7387140903,0,60.3283173735,45.8276333789,68.4678522572,74.9658002736
06085503703,0,0,0,2.59917920657,0.615595075239,9.98632010944
06085503709,74.487004104,0,73.9398084815,19.5622435021,36.5253077975,49.2476060192
06085503710,41.5184678523,0,41.3132694938,36.1149110807,46.511627907,53.5567715458
06085503712,78.1805745554,0,77.633378933,90.9712722298,80.9165526676,67.2366621067
06085503713,40.560875513,0,40.3556771546,29.2749658003,44.8700410397,52.0519835841
06085503802,41.1080711354,0,40.902872777,12.6538987688,21.2722298222,28.1121751026
06085503803,5.67715458276,0,5.67715458276,17.9890560876,7.8659370725,0
06085503804,60.9439124487,0,60.5335157319,46.2380300958,68.7414500684,75.170998632
06085503903,13.7482900137,0,13.7482900137,64.0902872777,28.4541723666,12.585499316
06085504001,59.9863201094,0,59.5759233926,52.462380301,67.5786593707,73.6662106703
06085504002,68.9466484268,0,68.53625171,54.3091655267,75.9233926129,80.4377564979
06085504101,11.0123119015,0,11.0123119015,34.1997264022,29.9589603283,26.8809849521
06085504102,31.6689466484,0,31.46374829,28.7961696306,33.5157318741,40.560875513
06085504201,8.41313269494,0,8.41313269494,44.1176470588,15.6634746922,12.1751025992
06085504307,51.2311901505,0,50.9575923393,38.1668946648,56.292749658,64.1586867305
06085504308,46.9904240766,100,100,71.340629275,70.6566347469,66.4158686731
06085504311,53.0095759234,0,52.7359781122,39.3980848153,58.6867305062,66.073871409
06085504314,21.1354309166,0,21.1354309166,11.7647058824,20.3146374829,27.2229822161
06085504316,1.43638850889,0,1.43638850889,10.0547195622,4.6511627907,0
06085504317,38.098495212,0,37.8932968536,26.6073871409,40.9712722298,49.1108071135
06085504318,95.0068399453,0,94.5964432285,86.3201094391,92.4076607387,93.9808481532
06085504319,20.3830369357,0,20.3830369357,70.9302325581,37.8248974008,13.4062927497
06085504321,64.7058823529,0,64.2954856361,49.0424076607,72.2298221614,77.5649794802
06085504322,91.9972640219,0,91.5868673051,95.0068399453,92.5444596443,93.4336525308
06085504323,40.902872777,0,40.6976744186,48.5636114911,46.3748290014,48.6320109439
06085504410,38.0300957592,0,37.8248974008,26.4705882353,40.8344733242,48.9740082079
06085504412,84.7469220246,0,84.3365253078,76.6073871409,85.2257181943,84.610123119
06085504413,32.9685362517,0,32.7633378933,42.0656634747,16.6210670315,19.9726402189
06085504414,51.8467852257,0,51.5731874145,44.1860465116,59.1655266758,65.731874145
06085504416,50.1367989056,0,49.8632010944,37.07250342,55.1983584131,63.1326949384
06085504418,45.9644322845,0,45.7592339261,23.8030095759,37.6196990424,45.8276333789
06085504421,4.37756497948,0,4.37756497948,4.85636114911,2.80437756498,13.8166894665
06085504424,67.6470588235,0,67.2366621067,5.60875512996,4.44596443228,16.2790697674
06085504505,84.5417236662,0,84.1313269494,68.0574555404,70.2462380301,74.6922024624
06085504506,94.7332421341,0,94.3228454172,78.7277701778,79.7537619699,84.5417236662
06085504507,44.5964432285,0,44.39124487,65.4582763338,54.0355677155,50.4787961696
06085504508,87.2777017784,0,86.8673050616,88.3036935705,78.5909712722,66.2106703146
06085504509,89.9452804378,0,89.5348837209,87.3461012312,89.6716826265,90.6292749658
06085504510,52.3255813953,0,52.0519835841,76.4705882353,66.5526675787,59.5075239398
06085504601,98.9740082079,0,98.7004103967,95.8960328317,95.7592339261,96.3064295486
06085504602,99.7948016416,0,99.658002736,99.5212038304,99.5212038304,99.7948016416
06085504700,82.1477428181,0,81.6005471956,90.0820793434,87.4829001368,83.926128591
06085504802,91.0396716826,0,90.6292749658,65.5266757866,73.8714090287,89.3296853625
06085504805,53.0779753762,0,52.804377565,25.5813953488,37.2093023256,44.8016415869
06085504806,25.3761969904,0,25.2393980848,15.6634746922,24.8974008208,33.0369357045
06085504807,17.3050615595,0,17.3050615595,60.8755129959,24.2134062927,0
06085504902,17.5102599179,0,17.5102599179,72.8454172367,40.0820793434,0
06085504903,14.3638850889,0,14.3638850889,42.8180574555,20.9986320109,23.1874145007
06085505006,97.3324213406,0,97.0588235294,99.2476060192,98.9056087551,97.8112175103
06085505007,94.049247606,0,93.6388508892,88.6456908345,96.6484268126,95.8960328317
06085505010,95.8960328317,0,95.6224350205,98.5636114911,94.5964432285,93.5020519836
06085505011,18.194254446,0,18.194254446,58.4815321477,38.0300957592,27.7017783858
06085505012,21.2722298222,98.8372093023,31.9425444596,55.1299589603,35.4993160055,33.1737346101
06085505013,30.0957592339,0,29.8905608755,78.1805745554,51.0943912449,32.9685362517
06085505014,78.8645690834,0,78.317373461,63.8850889193,42.4076607387,37.8248974008
06085505015,69.2886456908,0,68.878248974,89.1928864569,81.7373461012,80.3009575923
06085505100,87.756497948,0,87.2777017784,94.8016415869,91.1080711354,91.7236662107
06085505202,98.4268125855,0,98.2216142271,99.7264021888,98.4268125855,98.0164158687
06085505203,23.8030095759,0,23.6662106703,23.2558139535,25.7865937073,32.0109439124
06085505301,12.7222982216,0,12.7222982216,33.7209302326,12.585499316,0
06085505302,64.0218878249,0,63.6114911081,0,17.8522571819,26.8125854993
06085505303,53.488372093,0,53.2147742818,35.7045143639,53.6935704514,61.4911080711
06085505304,51.3679890561,0,51.0943912449,0,13.0642954856,21.8878248974
06085505305,47.195622435,0,46.9220246238,54.5827633379,54.4459644323,58.755129959
06085505401,31.3953488372,0,31.1901504788,26.2653898769,33.1737346101,40.6976744186
06085505402,5.88235294118,0,5.88235294118,21.8194254446,19.3570451436,14.9794801642
06085505403,24.0082079343,0,23.8714090287,43.0916552668,25.2393980848,27.4281805746
06085505500,26.0601915185,0,25.9233926129,47.9480164159,30.4377564979,30.6429548564
06085505600,87.9616963064,0,87.4829001368,77.7701778386,75.170998632,69.4938440492
06085505700,42.2708618331,0,42.0656634747,54.1039671683,49.3844049248,51.9835841313
06085505800,21.6142270862,0,21.5458276334,80.0957592339,54.1723666211,0
06085505901,10.2599179207,0,10.2599179207,27.633378933,10.6019151847,10.2599179207
06085505902,9.64432284542,0,9.64432284542,20.8618331053,8.68673050616,0
06085506000,30.2325581395,0,30.0273597811,18.194254446,30.0957592339,38.5088919289
06085506101,51.5047879617,0,51.2311901505,43.5704514364,57.1819425445,64.5006839945
06085506102,30.5745554036,0,30.3693570451,19.220246238,31.6005471956,39.8084815321
06085506103,67.7154582763,0,67.3050615595,0,22.4350205198,33.9945280438
06085506202,55.3351573187,0,54.9931600547,43.8440492476,61.3543091655,68.2626538988
06085506203,37.414500684,0,37.2777017784,26.0601915185,40.2872777018,48.4268125855
06085506204,26.8809849521,0,26.7441860465,16.8262653899,26.3337893297,34.6785225718
06085506301,45.2120383037,0,45.0068399453,49.8632010944,52.0519835841,57.4555403557
06085506302,62.9958960328,0,62.585499316,97.8112175103,90.8344733242,57.7975376197
06085506304,24.6238030096,0,24.487004104,15.047879617,23.9398084815,31.805745554
06085506401,71.2038303694,0,70.7250341997,62.243502052,56.5663474692,61.6279069767
06085506402,25.6497948016,0,25.512995896,15.8002735978,25.1025991792,33.3105335157
06085506502,87.8248974008,0,87.3461012312,69.7674418605,80.0273597811,88.4404924761
06085506503,50.5471956224,0,50.2735978112,39.9452804378,55.8139534884,63.5430916553
06085506504,37.07250342,0,36.9357045144,25.7181942544,39.6032831737,47.9480164159
06085506601,27.9069767442,0,27.7701778386,17.0314637483,27.1545827633,35.1573187415
06085506604,92.6812585499,0,92.2708618331,34.1313269494,51.4363885089,59.439124487
06085506605,45.3488372093,0,45.1436388509,72.7086183311,61.6963064295,55.8139534884
06085506606,52.462380301,0,52.1887824897,38.7824897401,57.7291381669,65.5266757866
06085506702,53.3515731874,0,53.0779753762,36.4569083447,50.0683994528,57.8659370725
06085506703,32.0109439124,0,31.7373461012,53.2147742818,36.6621067031,37.6880984952
06085506801,87.0041039672,0,86.5937072503,76.4021887825,76.7441860465,78.0437756498
06085506802,58.9603283174,0,58.6183310534,79.3433652531,94.049247606,92.3392612859
06085506803,22.2982216142,0,22.2298221614,12.8590971272,21.340629275,28.5225718194
06085506804,30.7113543092,0,30.5061559508,19.7674418605,32.0793433653,40.0136798906
06085506900,67.3050615595,0,66.8946648427,79.8221614227,70.1094391245,64.3638850889
06085507002,79.8221614227,0,79.2749658003,0,0,0
06085507003,24.487004104,0,24.3502051984,88.1668946648,72.6402188782,0
06085507004,95.2120383037,0,94.8016415869,68.53625171,54.3775649795,49.0424076607
06085507100,80.779753762,0,80.2325581395,54.9247606019,69.0150478796,75.4445964432
06085507203,74.3502051984,0,73.8030095759,41.9288645691,65.389876881,77.1545827633
06085507205,22.7770177839,0,22.7086183311,80.5745554036,55.7455540356,18.1258549932
06085507206,0.0683994528044,0,0.0683994528044,2.73597811218,0.752393980848,10.1915184679
06085507301,17.5786593707,0,17.5786593707,68.9466484268,55.6771545828,41.3816689466
06085507302,33.6525307798,0,33.5157318741,58.3447332421,43.2284541724,42.4076607387
06085507401,43.2284541724,0,43.023255814,72.4350205198,89.0560875513,86.3201094391
06085507402,19.9726402189,0,19.9726402189,66.8946648427,47.195622435,34.610123119
06085507600,4.30916552668,0,4.30916552668,17.6470588235,7.7975376197,0
06085507701,63.6798905609,0,63.269493844,47.7428180575,58.4131326949,64.9110807114
06085507704,14.2954856361,0,14.2954856361,68.194254446,56.976744186,41.6552667579
06085507705,65.3214774282,0,64.9110807114,71.8194254446,48.1532147743,28.1805745554
06085507805,39.1928864569,0,38.9876880985,76.6757865937,72.2982216142,61.901504788
06085507806,37.6880984952,0,37.5512995896,62.92749658,49.7264021888,47.537619699
06085507807,10.6019151847,0,10.6019151847,51.2311901505,18.1258549932,0
06085507808,65.5950752394,0,65.1846785226,67.3734610123,74.3502051984,77.9069767442
06085507903,44.8700410397,0,44.6648426813,94.8700410397,84.5417236662,0
06085507905,46.169630643,0,45.9644322845,33.926128591,51.1627906977,59.2339261286
06085508004,39.5348837209,0,39.3296853625,28.1121751026,43.4336525308,50.683994528
06085508005,27.8385772914,0,27.7017783858,71.6142270862,50.683994528,31.6005471956
06085508006,35.5677154583,0,35.4309165527,24.0082079343,38.2352941176,46.1012311902
06085508101,62.4487004104,0,62.0383036936,94.1860465116,90.6292749658,88.7824897401
06085508102,85.9097127223,0,85.4993160055,92.4760601915,90.560875513,90.3556771546
06085508203,54.5143638851,0,54.2407660739,40.4240766074,60.123119015,67.6470588235
06085508204,47.3324213406,0,47.0588235294,34.8837209302,52.3939808482,60.3283173735
06085508205,20.1778385773,0,20.1778385773,10.8755129959,18.878248974,25.9233926129
06085508206,8.07113543092,0,8.07113543092,32.0793433653,11.9699042408,0
06085508301,19.6990424077,0,19.6990424077,10.2599179207,17.9890560876,25.0341997264
06085508303,21.682626539,0,21.6142270862,21.4774281806,23.2558139535,29.1381668947
06085508401,58.4815321477,0,58.1395348837,30.5745554036,45.6224350205,53.6935704514
06085508403,13.0642954856,0,13.0642954856,34.952120383,12.7906976744,0
06085508404,8.54993160055,0,8.54993160055,50.9575923393,19.5622435021,17.5786593707
06085508503,55.1299589603,0,54.8563611491,60.8071135431,63.8850889193,67.7154582763
06085508505,49.4528043776,0,49.1792065663,22.9822161423,24.6238030096,32.3529411765
06085508507,31.3269493844,0,31.121751026,20.2462380301,32.6265389877,40.6292749658
06085508509,7.45554035568,0,7.45554035568,20.3146374829,9.23392612859,13.1326949384
06085508510,41.9972640219,0,41.7920656635,37.3461012312,34.5417236662,43.5704514364
06085508601,68.7414500684,0,68.3310533516,24.829001368,36.7989056088,45.8960328317
06085508602,95.3488372093,0,94.9384404925,69.8358413133,76.3337893297,82.3529411765
06085508705,42.7496580027,0,42.5444596443,44.39124487,48.8372093023,54.1723666211
06085508706,3.48837209302,0,3.48837209302,25.6497948016,11.0807113543,14.2270861833
06085508707,73.8714090287,0,73.3242134063,67.2366621067,78.3857729138,76.6073871409
06085508708,93.707250342,0,93.365253078,97.4008207934,93.9124487004,94.2544459644
06085508800,21.4090287278,0,21.340629275,16.4842681259,20.8618331053,27.4965800274
06085508900,30.8481532148,0,30.6429548564,19.9042407661,32.1477428181,40.0820793434
06085509001,60.6703146375,0,60.2599179207,45.7592339261,68.3994528044,74.7606019152
06085509002,29.1381668947,0,28.9329685363,17.7154582763,28.7277701778,37.414500684
06085509102,82.9001367989,0,82.4213406293,97.7428180575,92.7496580027,88.5772913817
06085509106,85.4993160055,0,85.0889192886,33.8577291382,52.8727770178,60.8755129959
06085509107,21.8194254446,0,21.7510259918,0,0,0
06085509108,59.439124487,99.1792065663,82.9685362517,89.3296853625,81.3269493844,70.9986320109
06085509109,84.952120383,0,84.5417236662,96.6484268126,88.7824897401,67.7838577291
06085509110,18.7414500684,0,18.7414500684,77.0177838577,48.6320109439,0
06085509111,39.9452804378,0,39.7400820793,28.5909712722,43.9808481532,51.1627906977
06085509201,65.1162790698,0,64.7058823529,39.2612859097,59.5759233926,67.5786593707
06085509202,69.6306429549,0,69.220246238,60.123119015,53.0095759234,69.1518467852
06085509302,49.3844049248,0,49.1108071135,36.3885088919,54.6511627907,62.4487004104
06085509304,82.6265389877,0,82.1477428181,65.8686730506,67.9890560876,73.5294117647
06085509401,27.5649794802,0,27.4281805746,32.3529411765,29.7537619699,36.4569083447
06085509403,5.26675786594,0,5.26675786594,10.123119015,4.7195622435,0
06085509404,11.6963064295,0,11.6963064295,27.4965800274,10.3967168263,0
06085509500,41.4500683995,0,41.244870041,30.2325581395,45.6908344733,53.3515731874
06085509600,59.8495212038,0,59.439124487,76.3337893297,49.1792065663,22.5034199726
06085509700,48.6320109439,0,48.3584131327,14.5006839945,27.0177838577,37.1409028728
06085509801,27.0861833105,0,26.9493844049,32.9685362517,27.9069767442,33.5841313269
06085509802,8.61833105335,0,8.61833105335,31.8741450068,11.7647058824,0
06085509901,28.5909712722,0,28.4541723666,63.4062927497,39.4664842681,32.2161422709
06085509902,72.7086183311,0,72.2298221614,71.5458276334,77.4965800274,80.8481532148
06085510001,34.952120383,0,34.8153214774,48.7688098495,41.3132694938,45.0752393981
06085510002,36.5253077975,0,36.3885088919,24.5554035568,38.7140902873,46.7852257182
06085510100,14.0218878249,0,14.0218878249,59.3707250342,22.2982216142,0
06085510200,29.3433652531,0,29.1381668947,17.8522571819,29.0013679891,37.6196990424
06085510300,44.8016415869,0,44.5964432285,77.4281805746,64.9794801642,53.6251709986
06085510400,29.0013679891,0,28.7961696306,38.9876880985,14.2270861833,13.5430916553
06085510500,40.0136798906,0,39.8084815321,73.0506155951,57.1135430917,47.6060191518
06085510600,20.8618331053,0,20.8618331053,19.6306429549,20.4514363885,26.9493844049
06085510700,70.6566347469,0,70.2462380301,39.1928864569,55.1299589603,61.6963064295
06085510801,79.3433652531,0,78.7961696306,81.6689466484,81.8741450068,83.7209302326
06085510802,35.9097127223,0,35.7729138167,24.2134062927,38.5088919289,46.3748290014
06085510803,3.55677154583,0,3.55677154583,18.4678522572,8.13953488372,10.6703146375
06085511000,19.220246238,0,19.220246238,76.8809849521,49.8632010944,19.8358413133
06085511100,45.4172366621,0,45.2120383037,33.2421340629,50.1367989056,58.2079343365
06085511200,13.269493844,0,13.269493844,60.6019151847,23.6662106703,0
06085511301,42.1340629275,0,41.9288645691,67.7838577291,36.9357045144,23.3242134063
06085511302,20.1094391245,0,20.1094391245,73.4610123119,65.6634746922,49.1792065663
06085511400,15.731874145,0,15.731874145,52.8727770178,32.2161422709,13.8850889193
06085511501,83.5841313269,0,83.1737346101,75.7865937073,70.5198358413,70.7250341997
06085511502,5.47195622435,0,5.47195622435,8.27633378933,4.17236662107,11.901504788
06085511608,88.9192886457,0,88.4404924761,98.3584131327,95.5540355677,94.3228454172
06085511609,72.6402188782,0,72.1614227086,83.5157318741,72.1614227086,52.5991792066
06085511701,22.024623803,0,21.9562243502,74.7606019152,91.3816689466,89.6032831737
06085511702,23.0506155951,0,22.9822161423,20.9986320109,22.6402188782,28.5225718194
06085511704,20.5198358413,0,20.5198358413,73.2558139535,41.4500683995,18.0574555404
06085511705,90.3556771546,0,89.9452804378,97.0588235294,92.6812585499,91.5184678523
06085511707,81.9425444596,0,81.3953488372,74.6238030096,66.0054719562,49.9316005472
06085511800,59.3707250342,0,59.0287277702,91.9288645691,84.4733242134,67.0314637483
06085511905,31.2585499316,0,31.0533515732,36.5937072503,33.5841313269,39.3980848153
06085511907,37.8932968536,99.658002736,95.2804377565,92.2024623803,85.4309165527,76.0601915185
06085511910,22.2982216142,0,22.2298221614,12.8590971272,21.340629275,28.5225718194
06085511911,57.7975376197,0,57.4555403557,67.1682626539,55.5403556772,53.488372093
06085511913,25.0341997264,0,24.8974008208,15.5950752394,24.5554035568,32.6265389877
06085511914,44.6648426813,0,44.4596443228,32.4897400821,49.316005472,57.3871409029
06085511915,50.8891928865,0,50.6155950752,36.0465116279,54.2407660739,61.9699042408
06085511916,3.62517099863,0,3.62517099863,9.78112175103,9.98632010944,17.3050615595
06085511917,14.7058823529,0,14.7058823529,6.01915184679,7.52393980848,18.878248974
06085511918,99.1792065663,0,98.9056087551,88.2352941176,97.3324213406,98.4952120383
06085512001,78.5909712722,0,78.0437756498,88.8508891929,84.6785225718,86.6621067031
06085512005,68.4678522572,0,68.0574555404,38.4404924761,50.8207934337,59.5759233926
06085512019,33.5841313269,0,33.4473324213,22.7770177839,35.8413132695,43.7756497948
06085512022,35.7045143639,0,35.5677154583,32.4213406293,50.9575923393,53.7619699042
06085512024,56.8399452804,0,56.4979480164,60.7387140903,65.731874145,69.3570451436
06085512026,42.6812585499,0,42.4760601915,40.1504787962,48.2216142271,54.6511627907
06085512027,63.9534883721,0,63.5430916553,59.781121751,72.0930232558,76.6757865937
06085512029,27.4281805746,0,27.2913816689,27.1545827633,27.4281805746,34.0629274966
06085512032,87.4829001368,0,87.07250342,98.6320109439,96.1012311902,95.0068399453
06085512034,45.2804377565,0,45.0752393981,33.0369357045,49.9316005472,58.0027359781
06085512038,51.0943912449,0,50.8207934337,40.0820793434,56.2243502052,63.6798905609
06085512039,15.8686730506,0,15.8686730506,7.25034199726,11.5595075239,20.5882352941
06085512042,31.9425444596,0,31.6689466484,20.6566347469,33.3105335157,41.244870041
06085512043,59.097127223,0,58.755129959,45.0068399453,66.4842681259,73.0506155951
06085512045,35.6361149111,0,35.4993160055,23.6662106703,37.5512995896,45.7592339261
06085512047,7.38714090287,0,7.38714090287,14.1586867305,6.49794801642,0
06085512052,73.0506155951,0,72.5718194254,86.5937072503,86.1149110807,84.268125855
06085512053,57.1819425445,0,56.8399452804,43.1600547196,63.6114911081,70.3146374829
06085512055,25.170998632,0,25.0341997264,15.2530779754,24.2818057456,32.4897400821
06085512057,34.1313269494,0,33.9945280438,4.92476060192,12.6538987688,21.682626539
06085512058,93.2968536252,0,92.8864569083,82.7633378933,86.730506156,92.9548563611
06085512059,68.2626538988,0,67.8522571819,87.8932968536,82.7633378933,78.7961696306
06085512100,97.195622435,0,96.9220246238,87.2777017784,97.7428180575,97.4692202462
06085512200,69.3570451436,0,68.9466484268,55.4035567715,76.4705882353,85.3625170999
06085512305,59.7127222982,0,59.3023255814,46.6484268126,67.0998632011,73.4610123119
06085512307,83.2421340629,0,82.7633378933,57.5239398085,78.317373461,82.4213406293
06085512308,64.8426812585,0,64.4322845417,45.0752393981,68.1258549932,73.1874145007
06085512309,35.0205198358,0,34.8837209302,81.6005471956,57.5923392613,0
06085512310,91.6552667579,0,91.244870041,92.7496580027,88.5772913817,80.7113543092
06085512311,86.8673050616,0,86.4569083447,75.2393980848,77.1545827633,87.1409028728
06085512312,34.610123119,0,34.4733242134,45.4856361149,38.9876880985,44.049247606
06085512313,83.1737346101,0,82.6949384405,41.1764705882,62.1067031464,69.2886456908
06085512314,48.8372093023,0,48.5636114911,73.8030095759,61.2175102599,53.4199726402
06085512401,77.633378933,0,77.0861833105,87.756497948,97.8796169631,97.3324213406
06085512402,51.5731874145,0,51.2995896033,83.3105335157,82.9001367989,84.6785225718
06085512505,3.21477428181,0,3.21477428181,8.82352941176,3.89876880985,0
06085512509,29.4801641587,0,29.2749658003,22.5034199726,29.8905608755,37.8932968536
06085512510,82.2845417237,0,81.7373461012,72.1614227086,89.9452804378,88.5088919289
06085512511,29.9589603283,0,29.7537619699,18.8098495212,30.9849521204,38.9192886457
06085512512,19.3570451436,0,19.3570451436,71.4090287278,38.1668946648,0
06085512513,77.0177838577,0,76.4705882353,44.9384404925,58.8235294118,66.2790697674
06085512515,58.755129959,0,58.4131326949,70.0410396717,40.560875513,25.7181942544
06085512516,23.1874145007,0,23.1190150479,46.3064295486,18.2626538988,21.1354309166
06085512602,98.9056087551,0,98.6320109439,97.6744186047,98.9740082079,98.7004103967
06085512603,94.8016415869,0,94.39124487,77.8385772914,80.5745554036,83.7893296854
06085512604,80.0273597811,0,79.4801641587,83.0369357045,90.0820793434,88.3720930233
06085513000,2.73597811218,0,2.73597811218,4.24076607387,3.00957592339,14.7742818057
06085513500,99.3844049248,0,99.1792065663,98.2900136799,98.8372093023,99.316005472
06095250103,43.5704514364,0,43.365253078,31.2585499316,47.7428180575,55.8823529412
06095250104,2.87277701778,0,2.87277701778,14.0218878249,6.36114911081,0
06095250105,81.5321477428,0,80.9849521204,84.610123119,86.6621067031,88.0300957592
06095250106,91.5868673051,0,91.1764705882,45.8960328317,32.0109439124,41.1764705882
06095250200,42.3392612859,0,42.1340629275,30.6429548564,46.5800273598,54.4459644323
06095250300,44.39124487,0,44.1860465116,32.2845417237,49.1108071135,57.2503419973
06095250400,55.7455540356,0,55.4035567715,41.3132694938,61.7647058824,68.4678522572
06095250502,12.1067031464,0,12.1067031464,26.9493844049,13.4062927497,18.4678522572
06095250604,6.90834473324,0,6.90834473324,11.8331053352,5.60875512996,0
06095250605,15.047879617,0,15.047879617,18.53625171,9.3707250342,15.731874145
06095250701,87.1409028728,0,86.730506156,91.8604651163,90.4240766074,91.8604651163
06095250801,93.6388508892,0,93.2968536252,88.7824897401,91.5184678523,94.4596443228
06095250900,16.073871409,0,16.073871409,7.72913816689,14.0218878249,21.7510259918
06095251000,49.0424076607,0,48.7688098495,63.8166894665,39.6716826265,29.2749658003
06095251100,75.6497948016,0,75.1025991792,75.8549931601,78.1121751026,78.1805745554
06095251200,78.317373461,0,77.7701778386,45.3488372093,37.0041039672,46.169630643
06095251400,85.5677154583,0,85.1573187415,84.4049247606,90.1504787962,92.4760601915
06095251500,79.1381668947,0,78.5909712722,65.389876881,93.365253078,91.7920656635
06095251600,56.292749658,0,55.950752394,18.878248974,39.0560875513,36.7989056088
06095251701,52.8727770178,0,52.5991792066,55.7455540356,37.1409028728,31.7373461012
06095251802,85.9781121751,0,85.5677154583,93.2968536252,88.7140902873,87.6196990424
06095251803,43.4336525308,0,43.2284541724,31.121751026,47.4008207934,55.5403556772
06095251804,8.13953488372,0,8.13953488372,46.7852257182,16.7578659371,0
06095251901,87.5512995896,99.4528043776,93.023255814,79.4117647059,83.5841313269,87.8932968536
06095251903,24.829001368,0,24.6922024624,15.4582763338,24.4186046512,32.5581395349
06095252000,23.9398084815,0,23.8030095759,56.7031463748,32.4213406293,27.2913816689
06095252102,99.5212038304,0,99.316005472,99.8632010944,99.9316005472,100
06095252103,3.00957592339,0,3.00957592339,16.0054719562,7.31874145007,0
06095252104,19.5622435021,0,19.5622435021,64.5690834473,93.707250342,91.9288645691
06095252105,39.876880985,0,39.6716826265,28.3857729138,43.8440492476,51.0259917921
06095252106,5.33515731874,0,5.33515731874,30.7113543092,11.4227086183,0
06095252107,49.7948016416,0,49.5212038304,47.1272229822,55.60875513,62.3119015048
06095252108,35.9781121751,0,35.8413132695,24.3502051984,38.5772913817,46.511627907
06095252203,35.3625170999,0,35.2257181943,77.633378933,57.4555403557,36.1833105335
06095252204,84.0629274966,0,83.6525307798,94.9384404925,91.7920656635,90.8344733242
06095252205,74.9658002736,0,74.4186046512,71.2038303694,69.9042407661,77.3597811218
06095252206,88.0300957592,0,87.5512995896,48.6320109439,54.9931600547,72.7086183311
06095252305,83.1053351573,0,82.6265389877,91.7236662107,88.1668946648,88.6456908345
06095252306,68.6730506156,0,68.2626538988,53.7619699042,75.2393980848,79.8221614227
06095252310,12.243502052,0,12.243502052,47.4692202462,19.220246238,19.9042407661
06095252311,5.74555403557,0,5.74555403557,11.2175102599,5.40355677155,0
06095252312,29.2065663475,0,29.0013679891,6.56634746922,12.1751025992,21.0670314637
06095252313,74.0082079343,0,73.4610123119,81.2585499316,81.6005471956,83.1053351573
06095252314,42.2024623803,0,41.9972640219,44.049247606,48.7004103967,54.1039671683
06095252316,87.2093023256,0,86.7989056088,51.0259917921,33.4473324213,38.4404924761
06095252317,98.1532147743,99.0424076607,97.8796169631,81.9425444596,99.3844049248,97.2640218878
06095252401,65.5266757866,0,65.1162790698,47.8796169631,38.098495212,42.8864569083
06095252402,96.5800273598,0,96.2380300958,98.4952120383,96.7852257182,96.1012311902
06095252501,76.8125854993,0,76.2653898769,68.7414500684,69.220246238,75.2393980848
06095252502,76.3337893297,0,75.7865937073,89.6716826265,76.4021887825,26.3337893297
06095252604,84.8837209302,0,84.4733242134,80.1641586867,94.3228454172,94.39124487
06095252605,78.7277701778,0,78.1805745554,66.7578659371,93.6388508892,91.9972640219
06095252606,12.3119015048,0,12.3119015048,6.77154582763,9.57592339261,19.1518467852
06095252607,26.1285909713,0,25.9917920657,0,4.99316005472,16.6894664843
06095252608,33.7893296854,0,33.6525307798,22.9138166895,35.9781121751,43.9808481532
06095252702,99.658002736,99.1108071135,99.5212038304,96.9904240766,98.5636114911,98.7688098495
06095252703,93.7756497948,0,93.4336525308,92.3392612859,95.3488372093,96.2380300958
06095252704,43.8440492476,0,43.6388508892,31.6689466484,48.4952120383,56.4295485636
06095252706,62.6538987688,0,62.243502052,52.5991792066,70.4514363885,75.9917920657
06095252707,68.878248974,0,68.4678522572,38.3720930233,35.2257181943,42.2708618331
06095252801,63.269493844,98.5636114911,62.8590971272,49.316005472,67.7838577291,74.0082079343
06095252802,90.6292749658,0,90.218878249,95.5540355677,92.4760601915,91.244870041
06095253501,88.9876880985,0,88.5088919289,69.0150478796,84.1997264022,89.876880985
06095253502,94.5280437756,0,94.1176470588,69.6306429549,86.8673050616,91.3132694938
06097150100,77.5649794802,0,77.0177838577,88.3720930233,91.5868673051,93.1600547196
06097150203,30.1641586867,0,29.9589603283,59.2339261286,74.6238030096,23.4610123119
06097150204,44.1860465116,0,43.9808481532,46.853625171,53.7619699042,58.6183310534
06097150205,67.5786593707,0,67.1682626539,83.2421340629,76.2653898769,73.3242134063
06097150206,13.9534883721,0,13.9534883721,17.0998632011,11.1491108071,19.5622435021
06097150303,58.6867305062,0,58.3447332421,86.6621067031,75.512995896,57.6607387141
06097150304,13.5430916553,0,13.5430916553,60.3283173735,23.5294117647,12.243502052
06097150305,31.1901504788,0,30.9849521204,37.9616963064,33.6525307798,39.1244870041
06097150306,36.2517099863,0,36.1149110807,68.3994528044,51.5731874145,43.5020519836
06097150501,24.9658002736,0,24.829001368,65.731874145,39.7400820793,29.5485636115
06097150502,67.7838577291,0,67.3734610123,83.7209302326,66.4158686731,30.9849521204
06097150601,35.1573187415,0,35.0205198358,23.4610123119,37.2777017784,45.3488372093
06097150603,67.1682626539,0,66.7578659371,50.5471956224,73.5978112175,78.5225718194
06097150607,93.023255814,0,92.6128590971,83.6525307798,80.779753762,53.0095759234
06097150609,77.8385772914,0,77.2913816689,65.5950752394,79.8221614227,87.07250342
06097150611,47.8112175103,0,47.537619699,39.4664842681,53.488372093,60.7387140903
06097150612,90.0820793434,0,89.6716826265,86.3885088919,85.0889192886,90.0136798906
06097150701,80.0957592339,0,79.5485636115,66.8262653899,78.4541723666,81.9425444596
06097150702,1.91518467852,0,1.91518467852,11.901504788,5.67715458276,0
06097150800,53.6251709986,0,53.3515731874,23.5978112175,16.2106703146,23.8030095759
06097150901,90.902872777,0,90.4924760602,90.6976744186,96.5800273598,92.4076607387
06097150902,12.5170998632,0,12.5170998632,10.6703146375,15.4582763338,18.53625171
06097151000,59.6443228454,0,59.2339261286,38.2352941176,51.7783857729,60.0547195622
06097151100,99.316005472,0,99.1108071135,99.0424076607,97.8112175103,98.3584131327
06097151203,95.2804377565,0,94.8700410397,25.1025991792,40.218878249,49.3844049248
06097151204,61.4911080711,0,61.0807113543,63.6114911081,70.8618331053,75.3077975376
06097151205,56.4979480164,0,56.1559507524,52.9411764706,64.0218878249,69.7674418605
06097151206,91.3132694938,0,90.902872777,78.7961696306,88.098495212,89.9452804378
06097151301,41.1764705882,0,40.9712722298,29.8905608755,45.4856361149,53.146374829
06097151305,29.8221614227,0,29.6169630643,27.0861833105,31.0533515732,38.0300957592
06097151307,56.2243502052,0,55.8823529412,46.511627907,57.5239398085,64.2270861833
06097151308,75.7865937073,0,75.2393980848,70.1778385773,46.7168262654,37.2777017784
06097151309,15.1846785226,0,15.1846785226,49.5212038304,17.7154582763,17.0314637483
06097151311,61.3543091655,0,60.9439124487,85.0889192886,82.1477428181,78.7277701778
06097151403,9.439124487,0,9.439124487,46.9904240766,16.8262653899,0
06097151404,60.1915184679,0,59.781121751,43.2968536252,56.9083447332,64.2954856361
06097151405,76.5389876881,0,75.9917920657,80.5061559508,81.9425444596,81.46374829
06097151406,89.4664842681,0,88.9876880985,70.1094391245,85.5677154583,88.9192886457
06097151503,4.24076607387,0,4.24076607387,15.5266757866,8.48153214774,15.9370725034
06097151504,47.7428180575,0,47.4692202462,94.2544459644,82.9685362517,0
06097151505,6.08755129959,0,6.08755129959,8.13953488372,3.41997264022,0
06097151506,54.0355677155,0,53.7619699042,40.0136798906,59.8495212038,67.3734610123
06097151601,49.658002736,0,49.3844049248,81.7373461012,69.4938440492,55.2667578659
06097151602,45.6224350205,0,45.4172366621,84.6785225718,65.047879617,15.5950752394
06097151701,27.2913816689,0,27.1545827633,20.0410396717,27.3597811218,35.0889192886
06097151702,52.9411764706,0,52.6675786594,91.0396716826,79.3433652531,27.5649794802
06097151800,65.731874145,0,65.3214774282,85.8413132695,96.9220246238,96.0328317373
06097151900,27.7017783858,0,27.5649794802,32.6949384405,14.3638850889,19.220246238
06097152000,54.8563611491,0,54.5827633379,76.5389876881,63.3378932969,51.8467852257
06097152100,83.926128591,0,83.5157318741,83.8577291382,83.3789329685,84.0629274966
06097152201,65.4582763338,0,65.047879617,85.6361149111,85.7045143639,84.8153214774
06097152203,55.950752394,0,55.60875513,47.8112175103,62.5170998632,68.6730506156
06097152204,44.7332421341,0,44.5280437756,32.6265389877,49.5212038304,57.5239398085
06097152205,12.8590971272,0,12.8590971272,52.2571819425,18.3994528044,0
06097152300,26.6073871409,0,26.4705882353,61.6279069767,92.8864569083,91.1764705882
06097152401,85.7045143639,0,85.2941176471,66.4158686731,60.5335157319,85.8413132695
06097152402,52.5307797538,0,52.2571819425,67.9890560876,41.7236662107,76.7441860465
06097152501,62.1751025992,0,61.7647058824,40.9712722298,62.1751025992,69.5622435021
06097152601,21.340629275,0,21.2722298222,76.9493844049,48.3584131327,10.7387140903
06097152602,90.2872777018,0,89.876880985,65.9370725034,30.3693570451,0
06097152701,73.8030095759,0,73.2558139535,68.3310533516,54.3091655267,51.2995896033
06097152702,91.4500683995,0,91.0396716826,95.9644322845,93.7756497948,94.5964432285
06097152801,86.3201094391,0,85.9097127223,63.2010943912,84.8837209302,90.2872777018
06097152803,72.7770177839,0,72.2982216142,34.3365253078,25.3761969904,34.8153214774
06097152804,61.2175102599,0,60.8071135431,43.023255814,37.414500684,44.3228454172
06097152903,54.4459644323,0,54.1723666211,47.3324213406,61.0123119015,67.4418604651
06097152904,8.68673050616,0,8.68673050616,0,0,0
06097152906,47.4008207934,0,47.1272229822,47.2640218878,53.8987688098,59.7127222982
06097153001,89.3296853625,0,88.8508891929,60.4651162791,78.8645690834,85.4993160055
06097153002,92.1340629275,0,91.7236662107,43.9124487004,74.1450068399,79.0697674419
06097153003,46.853625171,0,46.6484268126,4.7195622435,3.48837209302,15.1162790698
06097153005,81.2585499316,0,80.7113543092,96.5800273598,88.9192886457,72.9138166895
06097153006,17.1682626539,0,17.1682626539,18.3994528044,16.0054719562,22.2298221614
06097153102,33.9945280438,0,33.8577291382,23.0506155951,36.0465116279,44.049247606
06097153104,71.1354309166,0,70.6566347469,56.8399452804,78.0437756498,81.8741450068
06097153201,81.0533515732,0,80.5061559508,40.560875513,64.2954856361,72.4350205198
06097153202,95.6224350205,0,95.3488372093,61.5595075239,83.8577291382,86.3885088919
06097153301,97.2640218878,0,96.9904240766,93.5704514364,98.2900136799,97.8796169631
06097153302,84.1997264022,0,83.7893296854,71.0670314637,43.2968536252,68.53625171
06097153403,53.2147742818,0,52.9411764706,71.4774281806,60.9439124487,56.7715458276
06097153404,30.0273597811,0,29.8221614227,73.5294117647,95.6224350205,94.1860465116
06097153405,49.1792065663,0,48.9056087551,18.0574555404,14.6374829001,20.0410396717
06097153406,74.2134062927,0,73.6662106703,84.952120383,73.7346101231,57.7291381669
06097153501,85.0889192886,0,84.6785225718,12.8590971272,22.5034199726,30.9165526676
06097153502,9.16552667579,0,9.16552667579,31.805745554,12.0383036936,11.2859097127
06097153601,72.366621067,0,71.8878248974,71.8878248974,63.4746922025,62.6538987688
06097153602,7.93433652531,0,7.93433652531,6.70314637483,2.94117647059,13.6798905609
06097153712,56.7715458276,0,56.4295485636,56.292749658,43.1600547196,39.2612859097
06097153807,77.4965800274,0,76.9493844049,48.9740082079,18.194254446,17.9206566347
06097153808,82.8317373461,0,82.3529411765,81.8741450068,83.9945280438,81.3953488372
06097153809,58.0027359781,0,57.6607387141,51.7783857729,52.5307797538,57.3187414501
06097153810,33.8577291382,0,33.7209302326,83.5841313269,62.4487004104,0
06097153811,9.57592339261,0,9.57592339261,4.58276333789,3.55677154583,15.3214774282
06097153904,10.7387140903,0,10.7387140903,5.88235294118,6.08755129959,17.1682626539
06097154306,16.0054719562,0,16.0054719562,64.3638850889,28.659370725,12.7222982216
